instrumentgroup	instrumenttype	positions	pitch	octave	stroke	remark	midinote	rootnote	sample
GONG_KEBYAR	GONGS		GIR		OPEN		2	GK GIR	GK Gong.wav
GONG_KEBYAR	GONGS		PUR		OPEN		3	GK PUR	GK Kempur.wav
GONG_KEBYAR	GONGS		TONG		OPEN		4	GK TONG	GK Kemong.wav
GONG_KEBYAR	KEMPLI		STRIKE		MUTED		1	GK KEMPLI	GK Kempli.wav
GONG_KEBYAR	CENGCENG		OPEN		OPEN		0		
GONG_KEBYAR	CENGCENG		MUTED		OPEN		0		
GONG_KEBYAR	KENDANG		KA		OPEN		1	GK KENDANG KA	GK Kendang KA wadon.wav
GONG_KEBYAR	KENDANG		PAK		OPEN		2	GK KENDANG PAK	GK Kendang PAK lanang.wav
GONG_KEBYAR	KENDANG		DE		OPEN		3	GK KENDANG DE	GK Kendang DE wadon.wav
GONG_KEBYAR	KENDANG		TUT		OPEN		4	GK KENDANG TUT	GK Kendang TUT lanang.wav
GONG_KEBYAR	KENDANG		CUNG		OPEN		5	GK KENDANG CUNG	GK Kendang CUNG wadon.wav
GONG_KEBYAR	KENDANG		KUNG		OPEN		6	GK KENDANG KUNG	GK Kendang KUNG lanang.wav
GONG_KEBYAR	KENDANG		PLAK		OPEN		0		
GONG_KEBYAR	KENDANG		DAG		OPEN		0		
GONG_KEBYAR	KENDANG		DUG		OPEN		0		
GONG_KEBYAR	JEGOGAN		DING	1	OPEN		1	GK JEGOGAN ROOT	
GONG_KEBYAR	JEGOGAN		DONG	1	OPEN		2	GK JEGOGAN ROOT	
GONG_KEBYAR	JEGOGAN		DENG	1	OPEN		3	GK JEGOGAN ROOT	
GONG_KEBYAR	JEGOGAN		DUNG	1	OPEN		4	GK JEGOGAN ROOT	GK JEGOGAN DUNG1.wav
GONG_KEBYAR	JEGOGAN		DANG	1	OPEN		5	GK JEGOGAN ROOT	
GONG_KEBYAR	JEGOGAN		DING	1	ABBREVIATED		6	GK JEGOGAN ROOT	
GONG_KEBYAR	JEGOGAN		DONG	1	ABBREVIATED		7	GK JEGOGAN ROOT	
GONG_KEBYAR	JEGOGAN		DENG	1	ABBREVIATED		8	GK JEGOGAN ROOT	
GONG_KEBYAR	JEGOGAN		DUNG	1	ABBREVIATED		9	GK JEGOGAN ROOT	
GONG_KEBYAR	JEGOGAN		DANG	1	ABBREVIATED		10	GK JEGOGAN ROOT	
GONG_KEBYAR	JEGOGAN		DING	1	MUTED		11	GK JEGOGAN ROOT	
GONG_KEBYAR	JEGOGAN		DONG	1	MUTED		12	GK JEGOGAN ROOT	
GONG_KEBYAR	JEGOGAN		DENG	1	MUTED		13	GK JEGOGAN ROOT	
GONG_KEBYAR	JEGOGAN		DUNG	1	MUTED		14	GK JEGOGAN ROOT	
GONG_KEBYAR	JEGOGAN		DANG	1	MUTED		15	GK JEGOGAN ROOT	
GONG_KEBYAR	CALUNG		DING	1	OPEN		1	GK CALUNG ROOT	
GONG_KEBYAR	CALUNG		DONG	1	OPEN		2	GK CALUNG ROOT	
GONG_KEBYAR	CALUNG		DENG	1	OPEN		3	GK CALUNG ROOT	GK CALUNG DENG2.wav
GONG_KEBYAR	CALUNG		DUNG	1	OPEN		4	GK CALUNG ROOT	
GONG_KEBYAR	CALUNG		DANG	1	OPEN		5	GK CALUNG ROOT	
GONG_KEBYAR	CALUNG		DING	1	ABBREVIATED		6	GK CALUNG ROOT	
GONG_KEBYAR	CALUNG		DONG	1	ABBREVIATED		7	GK CALUNG ROOT	
GONG_KEBYAR	CALUNG		DENG	1	ABBREVIATED		8	GK CALUNG ROOT	
GONG_KEBYAR	CALUNG		DUNG	1	ABBREVIATED		9	GK CALUNG ROOT	
GONG_KEBYAR	CALUNG		DANG	1	ABBREVIATED		10	GK CALUNG ROOT	
GONG_KEBYAR	CALUNG		DING	1	MUTED		11	GK CALUNG ROOT	
GONG_KEBYAR	CALUNG		DONG	1	MUTED		12	GK CALUNG ROOT	
GONG_KEBYAR	CALUNG		DENG	1	MUTED		13	GK CALUNG ROOT	
GONG_KEBYAR	CALUNG		DUNG	1	MUTED		14	GK CALUNG ROOT	
GONG_KEBYAR	CALUNG		DANG	1	MUTED		15	GK CALUNG ROOT	
GONG_KEBYAR	PEMADE		DONG	0	OPEN		1	GK PEMADE ROOT	
GONG_KEBYAR	PEMADE		DENG	0	OPEN		2	GK PEMADE ROOT	
GONG_KEBYAR	PEMADE		DUNG	0	OPEN		3	GK PEMADE ROOT	
GONG_KEBYAR	PEMADE		DANG	0	OPEN		4	GK PEMADE ROOT	
GONG_KEBYAR	PEMADE		DING	1	OPEN		5	GK PEMADE ROOT	GK PEMADE DING3.wav
GONG_KEBYAR	PEMADE		DONG	1	OPEN		6	GK PEMADE ROOT	
GONG_KEBYAR	PEMADE		DENG	1	OPEN		7	GK PEMADE ROOT	
GONG_KEBYAR	PEMADE		DUNG	1	OPEN		8	GK PEMADE ROOT	
GONG_KEBYAR	PEMADE		DANG	1	OPEN		9	GK PEMADE ROOT	
GONG_KEBYAR	PEMADE		DING	2	OPEN		10	GK PEMADE ROOT	
GONG_KEBYAR	PEMADE		DONG	0	ABBREVIATED		11	GK PEMADE ROOT	
GONG_KEBYAR	PEMADE		DENG	0	ABBREVIATED		12	GK PEMADE ROOT	
GONG_KEBYAR	PEMADE		DUNG	0	ABBREVIATED		13	GK PEMADE ROOT	
GONG_KEBYAR	PEMADE		DANG	0	ABBREVIATED		14	GK PEMADE ROOT	
GONG_KEBYAR	PEMADE		DING	1	ABBREVIATED		15	GK PEMADE ROOT	
GONG_KEBYAR	PEMADE		DONG	1	ABBREVIATED		16	GK PEMADE ROOT	
GONG_KEBYAR	PEMADE		DENG	1	ABBREVIATED		17	GK PEMADE ROOT	
GONG_KEBYAR	PEMADE		DUNG	1	ABBREVIATED		18	GK PEMADE ROOT	
GONG_KEBYAR	PEMADE		DANG	1	ABBREVIATED		19	GK PEMADE ROOT	
GONG_KEBYAR	PEMADE		DING	2	ABBREVIATED		20	GK PEMADE ROOT	
GONG_KEBYAR	PEMADE		DONG	0	MUTED		21	GK PEMADE ROOT	
GONG_KEBYAR	PEMADE		DENG	0	MUTED		22	GK PEMADE ROOT	
GONG_KEBYAR	PEMADE		DUNG	0	MUTED		23	GK PEMADE ROOT	
GONG_KEBYAR	PEMADE		DANG	0	MUTED		24	GK PEMADE ROOT	
GONG_KEBYAR	PEMADE		DING	1	MUTED		25	GK PEMADE ROOT	
GONG_KEBYAR	PEMADE		DONG	1	MUTED		26	GK PEMADE ROOT	
GONG_KEBYAR	PEMADE		DENG	1	MUTED		27	GK PEMADE ROOT	
GONG_KEBYAR	PEMADE		DUNG	1	MUTED		28	GK PEMADE ROOT	
GONG_KEBYAR	PEMADE		DANG	1	MUTED		29	GK PEMADE ROOT	
GONG_KEBYAR	PEMADE		DING	2	MUTED		30	GK PEMADE ROOT	
GONG_KEBYAR	KANTILAN		DONG	0	OPEN		1	GK KANTILAN ROOT	
GONG_KEBYAR	KANTILAN		DENG	0	OPEN		2	GK KANTILAN ROOT	
GONG_KEBYAR	KANTILAN		DUNG	0	OPEN		3	GK KANTILAN ROOT	
GONG_KEBYAR	KANTILAN		DANG	0	OPEN		4	GK KANTILAN ROOT	
GONG_KEBYAR	KANTILAN		DING	1	OPEN		5	GK KANTILAN ROOT	GK KANTILAN DING4.wav
GONG_KEBYAR	KANTILAN		DONG	1	OPEN		6	GK KANTILAN ROOT	
GONG_KEBYAR	KANTILAN		DENG	1	OPEN		7	GK KANTILAN ROOT	
GONG_KEBYAR	KANTILAN		DUNG	1	OPEN		8	GK KANTILAN ROOT	
GONG_KEBYAR	KANTILAN		DANG	1	OPEN		9	GK KANTILAN ROOT	
GONG_KEBYAR	KANTILAN		DING	2	OPEN		10	GK KANTILAN ROOT	
GONG_KEBYAR	KANTILAN		DONG	0	ABBREVIATED		11	GK KANTILAN ROOT	
GONG_KEBYAR	KANTILAN		DENG	0	ABBREVIATED		12	GK KANTILAN ROOT	
GONG_KEBYAR	KANTILAN		DUNG	0	ABBREVIATED		13	GK KANTILAN ROOT	
GONG_KEBYAR	KANTILAN		DANG	0	ABBREVIATED		14	GK KANTILAN ROOT	
GONG_KEBYAR	KANTILAN		DING	1	ABBREVIATED		15	GK KANTILAN ROOT	
GONG_KEBYAR	KANTILAN		DONG	1	ABBREVIATED		16	GK KANTILAN ROOT	
GONG_KEBYAR	KANTILAN		DENG	1	ABBREVIATED		17	GK KANTILAN ROOT	
GONG_KEBYAR	KANTILAN		DUNG	1	ABBREVIATED		18	GK KANTILAN ROOT	
GONG_KEBYAR	KANTILAN		DANG	1	ABBREVIATED		19	GK KANTILAN ROOT	
GONG_KEBYAR	KANTILAN		DING	2	ABBREVIATED		20	GK KANTILAN ROOT	
GONG_KEBYAR	KANTILAN		DONG	0	MUTED		21	GK KANTILAN ROOT	
GONG_KEBYAR	KANTILAN		DENG	0	MUTED		22	GK KANTILAN ROOT	
GONG_KEBYAR	KANTILAN		DUNG	0	MUTED		23	GK KANTILAN ROOT	
GONG_KEBYAR	KANTILAN		DANG	0	MUTED		24	GK KANTILAN ROOT	
GONG_KEBYAR	KANTILAN		DING	1	MUTED		25	GK KANTILAN ROOT	
GONG_KEBYAR	KANTILAN		DONG	1	MUTED		26	GK KANTILAN ROOT	
GONG_KEBYAR	KANTILAN		DENG	1	MUTED		27	GK KANTILAN ROOT	
GONG_KEBYAR	KANTILAN		DUNG	1	MUTED		28	GK KANTILAN ROOT	
GONG_KEBYAR	KANTILAN		DANG	1	MUTED		29	GK KANTILAN ROOT	
GONG_KEBYAR	KANTILAN		DING	2	MUTED		30	GK KANTILAN ROOT	
GONG_KEBYAR	UGAL		DONG	0	OPEN		1	GK UGAL ROOT	
GONG_KEBYAR	UGAL		DENG	0	OPEN		2	GK UGAL ROOT	
GONG_KEBYAR	UGAL		DUNG	0	OPEN		3	GK UGAL ROOT	
GONG_KEBYAR	UGAL		DANG	0	OPEN		4	GK UGAL ROOT	
GONG_KEBYAR	UGAL		DING	1	OPEN		5	GK UGAL ROOT	GK UGAL DING2.wav
GONG_KEBYAR	UGAL		DONG	1	OPEN		6	GK UGAL ROOT	
GONG_KEBYAR	UGAL		DENG	1	OPEN		7	GK UGAL ROOT	
GONG_KEBYAR	UGAL		DUNG	1	OPEN		8	GK UGAL ROOT	
GONG_KEBYAR	UGAL		DANG	1	OPEN		9	GK UGAL ROOT	
GONG_KEBYAR	UGAL		DING	2	OPEN		10	GK UGAL ROOT	
GONG_KEBYAR	UGAL		DONG	0	ABBREVIATED		11	GK UGAL ROOT	
GONG_KEBYAR	UGAL		DENG	0	ABBREVIATED		12	GK UGAL ROOT	
GONG_KEBYAR	UGAL		DUNG	0	ABBREVIATED		13	GK UGAL ROOT	
GONG_KEBYAR	UGAL		DANG	0	ABBREVIATED		14	GK UGAL ROOT	
GONG_KEBYAR	UGAL		DING	1	ABBREVIATED		15	GK UGAL ROOT	
GONG_KEBYAR	UGAL		DONG	1	ABBREVIATED		16	GK UGAL ROOT	
GONG_KEBYAR	UGAL		DENG	1	ABBREVIATED		17	GK UGAL ROOT	
GONG_KEBYAR	UGAL		DUNG	1	ABBREVIATED		18	GK UGAL ROOT	
GONG_KEBYAR	UGAL		DANG	1	ABBREVIATED		19	GK UGAL ROOT	
GONG_KEBYAR	UGAL		DING	2	ABBREVIATED		20	GK UGAL ROOT	
GONG_KEBYAR	UGAL		DONG	0	MUTED		21	GK UGAL ROOT	
GONG_KEBYAR	UGAL		DENG	0	MUTED		22	GK UGAL ROOT	
GONG_KEBYAR	UGAL		DUNG	0	MUTED		23	GK UGAL ROOT	
GONG_KEBYAR	UGAL		DANG	0	MUTED		24	GK UGAL ROOT	
GONG_KEBYAR	UGAL		DING	1	MUTED		25	GK UGAL ROOT	
GONG_KEBYAR	UGAL		DONG	1	MUTED		26	GK UGAL ROOT	
GONG_KEBYAR	UGAL		DENG	1	MUTED		27	GK UGAL ROOT	
GONG_KEBYAR	UGAL		DUNG	1	MUTED		28	GK UGAL ROOT	
GONG_KEBYAR	UGAL		DANG	1	MUTED		29	GK UGAL ROOT	
GONG_KEBYAR	UGAL		DING	2	MUTED		30	GK UGAL ROOT	
GONG_KEBYAR	GENDERRAMBAT		DONG	0	OPEN		1	GK GENDER ROOT	
GONG_KEBYAR	GENDERRAMBAT		DENG	0	OPEN		2	GK GENDER ROOT	
GONG_KEBYAR	GENDERRAMBAT		DUNG	0	OPEN		3	GK GENDER ROOT	
GONG_KEBYAR	GENDERRAMBAT		DANG	0	OPEN		4	GK GENDER ROOT	
GONG_KEBYAR	GENDERRAMBAT		DING	1	OPEN		5	GK GENDER ROOT	
GONG_KEBYAR	GENDERRAMBAT		DONG	1	OPEN		6	GK GENDER ROOT	
GONG_KEBYAR	GENDERRAMBAT		DENG	1	OPEN		7	GK GENDER ROOT	
GONG_KEBYAR	GENDERRAMBAT		DUNG	1	OPEN		8	GK GENDER ROOT	
GONG_KEBYAR	GENDERRAMBAT		DANG	1	OPEN		9	GK GENDER ROOT	
GONG_KEBYAR	GENDERRAMBAT		DING	2	OPEN		10	GK GENDER ROOT	GK GENDER DING3.wav
GONG_KEBYAR	GENDERRAMBAT		DONG	2	OPEN		11	GK GENDER ROOT	
GONG_KEBYAR	GENDERRAMBAT		DENG	2	OPEN		12	GK GENDER ROOT	
GONG_KEBYAR	GENDERRAMBAT		DUNG	2	OPEN		13	GK GENDER ROOT	
GONG_KEBYAR	GENDERRAMBAT		DANG	2	OPEN		14	GK GENDER ROOT	
GONG_KEBYAR	GENDERRAMBAT		DONG	0	ABBREVIATED		15	GK GENDER ROOT	
GONG_KEBYAR	GENDERRAMBAT		DENG	0	ABBREVIATED		16	GK GENDER ROOT	
GONG_KEBYAR	GENDERRAMBAT		DUNG	0	ABBREVIATED		17	GK GENDER ROOT	
GONG_KEBYAR	GENDERRAMBAT		DANG	0	ABBREVIATED		18	GK GENDER ROOT	
GONG_KEBYAR	GENDERRAMBAT		DING	1	ABBREVIATED		19	GK GENDER ROOT	
GONG_KEBYAR	GENDERRAMBAT		DONG	1	ABBREVIATED		20	GK GENDER ROOT	
GONG_KEBYAR	GENDERRAMBAT		DENG	1	ABBREVIATED		21	GK GENDER ROOT	
GONG_KEBYAR	GENDERRAMBAT		DUNG	1	ABBREVIATED		22	GK GENDER ROOT	
GONG_KEBYAR	GENDERRAMBAT		DANG	1	ABBREVIATED		23	GK GENDER ROOT	
GONG_KEBYAR	GENDERRAMBAT		DING	2	ABBREVIATED		24	GK GENDER ROOT	
GONG_KEBYAR	GENDERRAMBAT		DONG	2	ABBREVIATED		25	GK GENDER ROOT	
GONG_KEBYAR	GENDERRAMBAT		DENG	2	ABBREVIATED		26	GK GENDER ROOT	
GONG_KEBYAR	GENDERRAMBAT		DUNG	2	ABBREVIATED		27	GK GENDER ROOT	
GONG_KEBYAR	GENDERRAMBAT		DANG	2	ABBREVIATED		28	GK GENDER ROOT	
GONG_KEBYAR	GENDERRAMBAT		DONG	0	MUTED		29	GK GENDER ROOT	
GONG_KEBYAR	GENDERRAMBAT		DENG	0	MUTED		30	GK GENDER ROOT	
GONG_KEBYAR	GENDERRAMBAT		DUNG	0	MUTED		31	GK GENDER ROOT	
GONG_KEBYAR	GENDERRAMBAT		DANG	0	MUTED		32	GK GENDER ROOT	
GONG_KEBYAR	GENDERRAMBAT		DING	1	MUTED		33	GK GENDER ROOT	
GONG_KEBYAR	GENDERRAMBAT		DONG	1	MUTED		34	GK GENDER ROOT	
GONG_KEBYAR	GENDERRAMBAT		DENG	1	MUTED		35	GK GENDER ROOT	
GONG_KEBYAR	GENDERRAMBAT		DUNG	1	MUTED		36	GK GENDER ROOT	
GONG_KEBYAR	GENDERRAMBAT		DANG	1	MUTED		37	GK GENDER ROOT	
GONG_KEBYAR	GENDERRAMBAT		DING	2	MUTED		38	GK GENDER ROOT	
GONG_KEBYAR	GENDERRAMBAT		DONG	2	MUTED		39	GK GENDER ROOT	
GONG_KEBYAR	GENDERRAMBAT		DENG	2	MUTED		40	GK GENDER ROOT	
GONG_KEBYAR	GENDERRAMBAT		DUNG	2	MUTED		41	GK GENDER ROOT	
GONG_KEBYAR	GENDERRAMBAT		DANG	2	MUTED		42	GK GENDER ROOT	
GONG_KEBYAR	REYONG	[REYONG_1]	DENG	0	OPEN		1	GK REYONG ROOT	
GONG_KEBYAR	REYONG	[REYONG_1]	DUNG	0	OPEN		2	GK REYONG ROOT	
GONG_KEBYAR	REYONG	[REYONG_1,REYONG_2]	DANG	0	OPEN		3	GK REYONG ROOT	
GONG_KEBYAR	REYONG	[REYONG_1,REYONG_2]	DING	1	OPEN		4	GK REYONG ROOT	
GONG_KEBYAR	REYONG	[REYONG_1,REYONG_2]	DONG	1	OPEN		5	GK REYONG ROOT	
GONG_KEBYAR	REYONG	[REYONG_2,REYONG_3]	DENG	1	OPEN		6	GK REYONG ROOT	GK REYONG DENG3.wav
GONG_KEBYAR	REYONG	[REYONG_2,REYONG_3]	DUNG	1	OPEN		7	GK REYONG ROOT	
GONG_KEBYAR	REYONG	[REYONG_3,REYONG_4]	DANG	1	OPEN		8	GK REYONG ROOT	
GONG_KEBYAR	REYONG	[REYONG_3,REYONG_4]	DING	2	OPEN		9	GK REYONG ROOT	
GONG_KEBYAR	REYONG	[REYONG_3,REYONG_4]	DONG	2	OPEN		10	GK REYONG ROOT	
GONG_KEBYAR	REYONG	[REYONG_4]	DENG	2	OPEN		11	GK REYONG ROOT	
GONG_KEBYAR	REYONG	[REYONG_4]	DUNG	2	OPEN		12	GK REYONG ROOT	
GONG_KEBYAR	REYONG	[REYONG_1]	DENG	0	ABBREVIATED		13	GK REYONG ROOT	
GONG_KEBYAR	REYONG	[REYONG_1]	DUNG	0	ABBREVIATED		14	GK REYONG ROOT	
GONG_KEBYAR	REYONG	[REYONG_1,REYONG_2]	DANG	0	ABBREVIATED		15	GK REYONG ROOT	
GONG_KEBYAR	REYONG	[REYONG_1,REYONG_2]	DING	1	ABBREVIATED		16	GK REYONG ROOT	
GONG_KEBYAR	REYONG	[REYONG_1,REYONG_2]	DONG	1	ABBREVIATED		17	GK REYONG ROOT	
GONG_KEBYAR	REYONG	[REYONG_2,REYONG_3]	DENG	1	ABBREVIATED		18	GK REYONG ROOT	
GONG_KEBYAR	REYONG	[REYONG_2,REYONG_3]	DUNG	1	ABBREVIATED		19	GK REYONG ROOT	
GONG_KEBYAR	REYONG	[REYONG_3,REYONG_4]	DANG	1	ABBREVIATED		20	GK REYONG ROOT	
GONG_KEBYAR	REYONG	[REYONG_3,REYONG_4]	DING	2	ABBREVIATED		21	GK REYONG ROOT	
GONG_KEBYAR	REYONG	[REYONG_3,REYONG_4]	DONG	2	ABBREVIATED		22	GK REYONG ROOT	
GONG_KEBYAR	REYONG	[REYONG_4]	DENG	2	ABBREVIATED		23	GK REYONG ROOT	
GONG_KEBYAR	REYONG	[REYONG_4]	DUNG	2	ABBREVIATED		24	GK REYONG ROOT	
GONG_KEBYAR	REYONG	[REYONG_1]	DENG	0	MUTED		25	GK REYONG ROOT	
GONG_KEBYAR	REYONG	[REYONG_1]	DUNG	0	MUTED		26	GK REYONG ROOT	
GONG_KEBYAR	REYONG	[REYONG_1,REYONG_2]	DANG	0	MUTED		27	GK REYONG ROOT	
GONG_KEBYAR	REYONG	[REYONG_1,REYONG_2]	DING	1	MUTED		28	GK REYONG ROOT	
GONG_KEBYAR	REYONG	[REYONG_1,REYONG_2]	DONG	1	MUTED		29	GK REYONG ROOT	
GONG_KEBYAR	REYONG	[REYONG_2,REYONG_3]	DENG	1	MUTED		30	GK REYONG ROOT	
GONG_KEBYAR	REYONG	[REYONG_2,REYONG_3]	DUNG	1	MUTED		31	GK REYONG ROOT	
GONG_KEBYAR	REYONG	[REYONG_3,REYONG_4]	DANG	1	MUTED		32	GK REYONG ROOT	
GONG_KEBYAR	REYONG	[REYONG_3,REYONG_4]	DING	2	MUTED		33	GK REYONG ROOT	
GONG_KEBYAR	REYONG	[REYONG_3,REYONG_4]	DONG	2	MUTED		34	GK REYONG ROOT	
GONG_KEBYAR	REYONG	[REYONG_4]	DENG	2	MUTED		35	GK REYONG ROOT	
GONG_KEBYAR	REYONG	[REYONG_4]	DUNG	2	MUTED		36	GK REYONG ROOT	
GONG_KEBYAR	REYONG	[REYONG_1]	BYONG		OPEN		[1,3]	GK REYONG ROOT	
GONG_KEBYAR	REYONG	[REYONG_2]	BYONG		OPEN		[4,6]	GK REYONG ROOT	
GONG_KEBYAR	REYONG	[REYONG_3]	BYONG		OPEN		[7,9]	GK REYONG ROOT	
GONG_KEBYAR	REYONG	[REYONG_4]	BYONG		OPEN		[10,12]	GK REYONG ROOT	
GONG_KEBYAR	REYONG	[REYONG_1]	DENGDING		OPEN		[1,4]	GK REYONG ROOT	
GONG_KEBYAR	REYONG	[REYONG_1]	BYONG		ABBREVIATED	Byot	[13,15]	GK REYONG ROOT	
GONG_KEBYAR	REYONG	[REYONG_2]	BYONG		ABBREVIATED	Byot	[16,18]	GK REYONG ROOT	
GONG_KEBYAR	REYONG	[REYONG_3]	BYONG		ABBREVIATED	Byot	[19,21]	GK REYONG ROOT	
GONG_KEBYAR	REYONG	[REYONG_4]	BYONG		ABBREVIATED	Byot	[22,24]	GK REYONG ROOT	
GONG_KEBYAR	REYONG	[REYONG_1]	DENGDING		ABBREVIATED		[13,16]	GK REYONG ROOT	
GONG_KEBYAR	REYONG	[REYONG_1]	BYONG		MUTED	Jet	[25,27]	GK REYONG ROOT	
GONG_KEBYAR	REYONG	[REYONG_2]	BYONG		MUTED	Jet	[28,30]	GK REYONG ROOT	
GONG_KEBYAR	REYONG	[REYONG_3]	BYONG		MUTED	Jet	[31,33]	GK REYONG ROOT	
GONG_KEBYAR	REYONG	[REYONG_4]	BYONG		MUTED	Jet	[34,36]	GK REYONG ROOT	
GONG_KEBYAR	REYONG	[REYONG_1]	DENGDING		MUTED		[28,31]	GK REYONG ROOT	
GONG_KEBYAR	REYONG	[REYONG_1]	STRIKE		TICK1	tick 1 panggul	37	GK REYONG TICK 1P	GK Reyong TICK_1_PANGGUL.wav
GONG_KEBYAR	REYONG	[REYONG_2]	STRIKE		TICK1	tick 1 panggul	38	GK REYONG TICK 1P	
GONG_KEBYAR	REYONG	[REYONG_3]	STRIKE		TICK1	tick 1 panggul	39	GK REYONG TICK 1P	
GONG_KEBYAR	REYONG	[REYONG_4]	STRIKE		TICK1	tick 1 panggul	40	GK REYONG TICK 1P	
GONG_KEBYAR	REYONG	[REYONG_1]	STRIKE		TICK2	tick 2 panggul	41	GK REYONG TICK 2P	GK Reyong TICK_2_PANGGUL.wav
GONG_KEBYAR	REYONG	[REYONG_2]	STRIKE		TICK2	tick 2 panggul	42	GK REYONG TICK 2P	
GONG_KEBYAR	REYONG	[REYONG_3]	STRIKE		TICK2	tick 2 panggul	43	GK REYONG TICK 2P	
GONG_KEBYAR	REYONG	[REYONG_4]	STRIKE		TICK2	tick 2 panggul	44	GK REYONG TICK 2P	
GONG_KEBYAR	TROMPONG		DANG	0	OPEN		1	GK TROMPONG ROOT	
GONG_KEBYAR	TROMPONG		DING	1	OPEN		2	GK TROMPONG ROOT	
GONG_KEBYAR	TROMPONG		DONG	1	OPEN		3	GK TROMPONG ROOT	
GONG_KEBYAR	TROMPONG		DENG	1	OPEN		4	GK TROMPONG ROOT	
GONG_KEBYAR	TROMPONG		DUNG	1	OPEN		5	GK TROMPONG ROOT	
GONG_KEBYAR	TROMPONG		DANG	1	OPEN		6	GK TROMPONG ROOT	
GONG_KEBYAR	TROMPONG		DING	2	OPEN		7	GK TROMPONG ROOT	
GONG_KEBYAR	TROMPONG		DONG	2	OPEN		8	GK TROMPONG ROOT	
GONG_KEBYAR	TROMPONG		DENG	2	OPEN		9	GK TROMPONG ROOT	
GONG_KEBYAR	TROMPONG		DUNG	2	OPEN		10	GK TROMPONG ROOT	
GONG_KEBYAR	TROMPONG		DANG	2	OPEN		11	GK TROMPONG ROOT	
GONG_KEBYAR	TROMPONG		DANG	0	ABBREVIATED		12	GK TROMPONG ROOT	
GONG_KEBYAR	TROMPONG		DING	1	ABBREVIATED		13	GK TROMPONG ROOT	
GONG_KEBYAR	TROMPONG		DONG	1	ABBREVIATED		14	GK TROMPONG ROOT	
GONG_KEBYAR	TROMPONG		DENG	1	ABBREVIATED		15	GK TROMPONG ROOT	
GONG_KEBYAR	TROMPONG		DUNG	1	ABBREVIATED		16	GK TROMPONG ROOT	
GONG_KEBYAR	TROMPONG		DANG	1	ABBREVIATED		17	GK TROMPONG ROOT	
GONG_KEBYAR	TROMPONG		DING	2	ABBREVIATED		18	GK TROMPONG ROOT	
GONG_KEBYAR	TROMPONG		DONG	2	ABBREVIATED		19	GK TROMPONG ROOT	
GONG_KEBYAR	TROMPONG		DENG	2	ABBREVIATED		20	GK TROMPONG ROOT	
GONG_KEBYAR	TROMPONG		DUNG	2	ABBREVIATED		21	GK TROMPONG ROOT	
GONG_KEBYAR	TROMPONG		DANG	2	ABBREVIATED		22	GK TROMPONG ROOT	
GONG_KEBYAR	TROMPONG		DANG	0	MUTED		23	GK TROMPONG ROOT	
GONG_KEBYAR	TROMPONG		DING	1	MUTED		24	GK TROMPONG ROOT	
GONG_KEBYAR	TROMPONG		DONG	1	MUTED		25	GK TROMPONG ROOT	
GONG_KEBYAR	TROMPONG		DENG	1	MUTED		26	GK TROMPONG ROOT	
GONG_KEBYAR	TROMPONG		DUNG	1	MUTED		27	GK TROMPONG ROOT	
GONG_KEBYAR	TROMPONG		DANG	1	MUTED		28	GK TROMPONG ROOT	
GONG_KEBYAR	TROMPONG		DING	2	MUTED		29	GK TROMPONG ROOT	
GONG_KEBYAR	TROMPONG		DONG	2	MUTED		30	GK TROMPONG ROOT	
GONG_KEBYAR	TROMPONG		DENG	2	MUTED		31	GK TROMPONG ROOT	
GONG_KEBYAR	TROMPONG		DUNG	2	MUTED		32	GK TROMPONG ROOT	
GONG_KEBYAR	TROMPONG		DANG	2	MUTED		33	GK TROMPONG ROOT	
SEMAR_PAGULINGAN	GONGS		GIR		OPEN		52	SP GIR	SP Gong.wav
SEMAR_PAGULINGAN	GONGS		PUR		OPEN		53	SP PUR	SP Kempur.wav
SEMAR_PAGULINGAN	GONGS		TONG		OPEN		54	SP TONG	SP Kemong.wav
SEMAR_PAGULINGAN	KEMPLI		STRIKE		MUTED		51	SP KEMPLI	SP Kempli.wav
SEMAR_PAGULINGAN	CENGCENG		OPEN		OPEN		0		
SEMAR_PAGULINGAN	CENGCENG		MUTED		OPEN		0		
SEMAR_PAGULINGAN	KENDANG		KA		OPEN		51	GK KENDANG KA	
SEMAR_PAGULINGAN	KENDANG		PAK		OPEN		52	GK KENDANG PAK	
SEMAR_PAGULINGAN	KENDANG		DE		OPEN		53	GK KENDANG DE	
SEMAR_PAGULINGAN	KENDANG		TUT		OPEN		54	GK KENDANG TUT	
SEMAR_PAGULINGAN	KENDANG		CUNG		OPEN		55	GK KENDANG CUNG	
SEMAR_PAGULINGAN	KENDANG		KUNG		OPEN		56	GK KENDANG KUNG	
SEMAR_PAGULINGAN	KENDANG		PLAK		OPEN		0		
SEMAR_PAGULINGAN	KENDANG		DAG		OPEN		0		
SEMAR_PAGULINGAN	KENDANG		DUG		OPEN		0		
SEMAR_PAGULINGAN	JEGOGAN		DING	1	OPEN		51	SP JEGOGAN ROOT	
SEMAR_PAGULINGAN	JEGOGAN		DONG	1	OPEN		52	SP JEGOGAN ROOT	
SEMAR_PAGULINGAN	JEGOGAN		DENG	1	OPEN		53	SP JEGOGAN ROOT	
SEMAR_PAGULINGAN	JEGOGAN		DEUNG	1	OPEN		54	SP JEGOGAN ROOT	SP JEGOGAN DEUNG1.wav
SEMAR_PAGULINGAN	JEGOGAN		DUNG	1	OPEN		55	SP JEGOGAN ROOT	
SEMAR_PAGULINGAN	JEGOGAN		DANG	1	OPEN		56	SP JEGOGAN ROOT	
SEMAR_PAGULINGAN	JEGOGAN		DAING	1	OPEN		57	SP JEGOGAN ROOT	
SEMAR_PAGULINGAN	JEGOGAN		DING	1	ABBREVIATED		58	SP JEGOGAN ROOT	
SEMAR_PAGULINGAN	JEGOGAN		DONG	1	ABBREVIATED		59	SP JEGOGAN ROOT	
SEMAR_PAGULINGAN	JEGOGAN		DENG	1	ABBREVIATED		60	SP JEGOGAN ROOT	
SEMAR_PAGULINGAN	JEGOGAN		DEUNG	1	ABBREVIATED		61	SP JEGOGAN ROOT	
SEMAR_PAGULINGAN	JEGOGAN		DUNG	1	ABBREVIATED		62	SP JEGOGAN ROOT	
SEMAR_PAGULINGAN	JEGOGAN		DANG	1	ABBREVIATED		63	SP JEGOGAN ROOT	
SEMAR_PAGULINGAN	JEGOGAN		DAING	1	ABBREVIATED		64	SP JEGOGAN ROOT	
SEMAR_PAGULINGAN	JEGOGAN		DING	1	MUTED		65	SP JEGOGAN ROOT	
SEMAR_PAGULINGAN	JEGOGAN		DONG	1	MUTED		66	SP JEGOGAN ROOT	
SEMAR_PAGULINGAN	JEGOGAN		DENG	1	MUTED		67	SP JEGOGAN ROOT	
SEMAR_PAGULINGAN	JEGOGAN		DEUNG	1	MUTED		68	SP JEGOGAN ROOT	
SEMAR_PAGULINGAN	JEGOGAN		DUNG	1	MUTED		69	SP JEGOGAN ROOT	
SEMAR_PAGULINGAN	JEGOGAN		DANG	1	MUTED		70	SP JEGOGAN ROOT	
SEMAR_PAGULINGAN	JEGOGAN		DAING	1	MUTED		71	SP JEGOGAN ROOT	
SEMAR_PAGULINGAN	CALUNG		DING	1	OPEN		51	SP CALUNG ROOT	
SEMAR_PAGULINGAN	CALUNG		DONG	1	OPEN		52	SP CALUNG ROOT	
SEMAR_PAGULINGAN	CALUNG		DENG	1	OPEN		53	SP CALUNG ROOT	
SEMAR_PAGULINGAN	CALUNG		DEUNG	1	OPEN		54	SP CALUNG ROOT	SP CALUNG DEUNG2.wav
SEMAR_PAGULINGAN	CALUNG		DUNG	1	OPEN		55	SP CALUNG ROOT	
SEMAR_PAGULINGAN	CALUNG		DANG	1	OPEN		56	SP CALUNG ROOT	
SEMAR_PAGULINGAN	CALUNG		DAING	1	OPEN		57	SP CALUNG ROOT	
SEMAR_PAGULINGAN	CALUNG		DING	1	ABBREVIATED		58	SP CALUNG ROOT	
SEMAR_PAGULINGAN	CALUNG		DONG	1	ABBREVIATED		59	SP CALUNG ROOT	
SEMAR_PAGULINGAN	CALUNG		DENG	1	ABBREVIATED		60	SP CALUNG ROOT	
SEMAR_PAGULINGAN	CALUNG		DEUNG	1	ABBREVIATED		61	SP CALUNG ROOT	
SEMAR_PAGULINGAN	CALUNG		DUNG	1	ABBREVIATED		62	SP CALUNG ROOT	
SEMAR_PAGULINGAN	CALUNG		DANG	1	ABBREVIATED		63	SP CALUNG ROOT	
SEMAR_PAGULINGAN	CALUNG		DAING	1	ABBREVIATED		64	SP CALUNG ROOT	
SEMAR_PAGULINGAN	CALUNG		DING	1	MUTED		65	SP CALUNG ROOT	
SEMAR_PAGULINGAN	CALUNG		DONG	1	MUTED		66	SP CALUNG ROOT	
SEMAR_PAGULINGAN	CALUNG		DENG	1	MUTED		67	SP CALUNG ROOT	
SEMAR_PAGULINGAN	CALUNG		DEUNG	1	MUTED		68	SP CALUNG ROOT	
SEMAR_PAGULINGAN	CALUNG		DUNG	1	MUTED		69	SP CALUNG ROOT	
SEMAR_PAGULINGAN	CALUNG		DANG	1	MUTED		70	SP CALUNG ROOT	
SEMAR_PAGULINGAN	CALUNG		DAING	1	MUTED		71	SP CALUNG ROOT	
SEMAR_PAGULINGAN	PEMADE		DING	1	OPEN		51	SP PEMADE ROOT	
SEMAR_PAGULINGAN	PEMADE		DONG	1	OPEN		52	SP PEMADE ROOT	
SEMAR_PAGULINGAN	PEMADE		DENG	1	OPEN		53	SP PEMADE ROOT	
SEMAR_PAGULINGAN	PEMADE		DEUNG	1	OPEN		54	SP PEMADE ROOT	
SEMAR_PAGULINGAN	PEMADE		DUNG	1	OPEN		55	SP PEMADE ROOT	SP PEMADE DEUNG3.wav
SEMAR_PAGULINGAN	PEMADE		DANG	1	OPEN		56	SP PEMADE ROOT	
SEMAR_PAGULINGAN	PEMADE		DAING	1	OPEN		57	SP PEMADE ROOT	
SEMAR_PAGULINGAN	PEMADE		DING	1	ABBREVIATED		58	SP PEMADE ROOT	
SEMAR_PAGULINGAN	PEMADE		DONG	1	ABBREVIATED		59	SP PEMADE ROOT	
SEMAR_PAGULINGAN	PEMADE		DENG	1	ABBREVIATED		60	SP PEMADE ROOT	
SEMAR_PAGULINGAN	PEMADE		DEUNG	1	ABBREVIATED		61	SP PEMADE ROOT	
SEMAR_PAGULINGAN	PEMADE		DUNG	1	ABBREVIATED		62	SP PEMADE ROOT	
SEMAR_PAGULINGAN	PEMADE		DANG	1	ABBREVIATED		63	SP PEMADE ROOT	
SEMAR_PAGULINGAN	PEMADE		DAING	1	ABBREVIATED		64	SP PEMADE ROOT	
SEMAR_PAGULINGAN	PEMADE		DING	1	MUTED		65	SP PEMADE ROOT	
SEMAR_PAGULINGAN	PEMADE		DONG	1	MUTED		66	SP PEMADE ROOT	
SEMAR_PAGULINGAN	PEMADE		DENG	1	MUTED		67	SP PEMADE ROOT	
SEMAR_PAGULINGAN	PEMADE		DEUNG	1	MUTED		68	SP PEMADE ROOT	
SEMAR_PAGULINGAN	PEMADE		DUNG	1	MUTED		69	SP PEMADE ROOT	
SEMAR_PAGULINGAN	PEMADE		DANG	1	MUTED		70	SP PEMADE ROOT	
SEMAR_PAGULINGAN	PEMADE		DAING	1	MUTED		71	SP PEMADE ROOT	
SEMAR_PAGULINGAN	KANTILAN		DING	1	OPEN		51	SP KANTILAN ROOT	
SEMAR_PAGULINGAN	KANTILAN		DONG	1	OPEN		52	SP KANTILAN ROOT	
SEMAR_PAGULINGAN	KANTILAN		DENG	1	OPEN		53	SP KANTILAN ROOT	
SEMAR_PAGULINGAN	KANTILAN		DEUNG	1	OPEN		54	SP KANTILAN ROOT	SP KANTILAN DEUNG4.wav
SEMAR_PAGULINGAN	KANTILAN		DUNG	1	OPEN		55	SP KANTILAN ROOT	
SEMAR_PAGULINGAN	KANTILAN		DANG	1	OPEN		56	SP KANTILAN ROOT	
SEMAR_PAGULINGAN	KANTILAN		DAING	1	OPEN		57	SP KANTILAN ROOT	
SEMAR_PAGULINGAN	KANTILAN		DING	1	ABBREVIATED		58	SP KANTILAN ROOT	
SEMAR_PAGULINGAN	KANTILAN		DONG	1	ABBREVIATED		59	SP KANTILAN ROOT	
SEMAR_PAGULINGAN	KANTILAN		DENG	1	ABBREVIATED		60	SP KANTILAN ROOT	
SEMAR_PAGULINGAN	KANTILAN		DEUNG	1	ABBREVIATED		61	SP KANTILAN ROOT	
SEMAR_PAGULINGAN	KANTILAN		DUNG	1	ABBREVIATED		62	SP KANTILAN ROOT	
SEMAR_PAGULINGAN	KANTILAN		DANG	1	ABBREVIATED		63	SP KANTILAN ROOT	
SEMAR_PAGULINGAN	KANTILAN		DAING	1	ABBREVIATED		64	SP KANTILAN ROOT	
SEMAR_PAGULINGAN	KANTILAN		DING	1	MUTED		65	SP KANTILAN ROOT	
SEMAR_PAGULINGAN	KANTILAN		DONG	1	MUTED		66	SP KANTILAN ROOT	
SEMAR_PAGULINGAN	KANTILAN		DENG	1	MUTED		67	SP KANTILAN ROOT	
SEMAR_PAGULINGAN	KANTILAN		DEUNG	1	MUTED		68	SP KANTILAN ROOT	
SEMAR_PAGULINGAN	KANTILAN		DUNG	1	MUTED		69	SP KANTILAN ROOT	
SEMAR_PAGULINGAN	KANTILAN		DANG	1	MUTED		70	SP KANTILAN ROOT	
SEMAR_PAGULINGAN	KANTILAN		DAING	1	MUTED		71	SP KANTILAN ROOT	
SEMAR_PAGULINGAN	GENDERRAMBAT		DING	1	OPEN		51	SP GENDER ROOT	
SEMAR_PAGULINGAN	GENDERRAMBAT		DONG	1	OPEN		52	SP GENDER ROOT	
SEMAR_PAGULINGAN	GENDERRAMBAT		DENG	1	OPEN		53	SP GENDER ROOT	
SEMAR_PAGULINGAN	GENDERRAMBAT		DEUNG	1	OPEN		54	SP GENDER ROOT	
SEMAR_PAGULINGAN	GENDERRAMBAT		DUNG	1	OPEN		55	SP GENDER ROOT	
SEMAR_PAGULINGAN	GENDERRAMBAT		DANG	1	OPEN		56	SP GENDER ROOT	
SEMAR_PAGULINGAN	GENDERRAMBAT		DAING	1	OPEN		57	SP GENDER ROOT	
SEMAR_PAGULINGAN	GENDERRAMBAT		DING	2	OPEN		58	SP GENDER ROOT	SP GENDER DING3.wav
SEMAR_PAGULINGAN	GENDERRAMBAT		DONG	2	OPEN		59	SP GENDER ROOT	
SEMAR_PAGULINGAN	GENDERRAMBAT		DENG	2	OPEN		60	SP GENDER ROOT	
SEMAR_PAGULINGAN	GENDERRAMBAT		DEUNG	2	OPEN		61	SP GENDER ROOT	
SEMAR_PAGULINGAN	GENDERRAMBAT		DUNG	2	OPEN		62	SP GENDER ROOT	
SEMAR_PAGULINGAN	GENDERRAMBAT		DANG	2	OPEN		63	SP GENDER ROOT	
SEMAR_PAGULINGAN	GENDERRAMBAT		DAING	2	OPEN		64	SP GENDER ROOT	
SEMAR_PAGULINGAN	GENDERRAMBAT		DING	1	ABBREVIATED		65	SP GENDER ROOT	
SEMAR_PAGULINGAN	GENDERRAMBAT		DONG	1	ABBREVIATED		66	SP GENDER ROOT	
SEMAR_PAGULINGAN	GENDERRAMBAT		DENG	1	ABBREVIATED		67	SP GENDER ROOT	
SEMAR_PAGULINGAN	GENDERRAMBAT		DEUNG	1	ABBREVIATED		68	SP GENDER ROOT	
SEMAR_PAGULINGAN	GENDERRAMBAT		DUNG	1	ABBREVIATED		69	SP GENDER ROOT	
SEMAR_PAGULINGAN	GENDERRAMBAT		DANG	1	ABBREVIATED		70	SP GENDER ROOT	
SEMAR_PAGULINGAN	GENDERRAMBAT		DAING	1	ABBREVIATED		71	SP GENDER ROOT	
SEMAR_PAGULINGAN	GENDERRAMBAT		DING	2	ABBREVIATED		72	SP GENDER ROOT	
SEMAR_PAGULINGAN	GENDERRAMBAT		DONG	2	ABBREVIATED		73	SP GENDER ROOT	
SEMAR_PAGULINGAN	GENDERRAMBAT		DENG	2	ABBREVIATED		74	SP GENDER ROOT	
SEMAR_PAGULINGAN	GENDERRAMBAT		DEUNG	2	ABBREVIATED		75	SP GENDER ROOT	
SEMAR_PAGULINGAN	GENDERRAMBAT		DUNG	2	ABBREVIATED		76	SP GENDER ROOT	
SEMAR_PAGULINGAN	GENDERRAMBAT		DANG	2	ABBREVIATED		77	SP GENDER ROOT	
SEMAR_PAGULINGAN	GENDERRAMBAT		DAING	2	ABBREVIATED		78	SP GENDER ROOT	
SEMAR_PAGULINGAN	GENDERRAMBAT		DING	1	MUTED		79	SP GENDER ROOT	
SEMAR_PAGULINGAN	GENDERRAMBAT		DONG	1	MUTED		80	SP GENDER ROOT	
SEMAR_PAGULINGAN	GENDERRAMBAT		DENG	1	MUTED		81	SP GENDER ROOT	
SEMAR_PAGULINGAN	GENDERRAMBAT		DEUNG	1	MUTED		82	SP GENDER ROOT	
SEMAR_PAGULINGAN	GENDERRAMBAT		DUNG	1	MUTED		83	SP GENDER ROOT	
SEMAR_PAGULINGAN	GENDERRAMBAT		DANG	1	MUTED		84	SP GENDER ROOT	
SEMAR_PAGULINGAN	GENDERRAMBAT		DAING	1	MUTED		85	SP GENDER ROOT	
SEMAR_PAGULINGAN	GENDERRAMBAT		DING	2	MUTED		86	SP GENDER ROOT	
SEMAR_PAGULINGAN	GENDERRAMBAT		DONG	2	MUTED		87	SP GENDER ROOT	
SEMAR_PAGULINGAN	GENDERRAMBAT		DENG	2	MUTED		88	SP GENDER ROOT	
SEMAR_PAGULINGAN	GENDERRAMBAT		DEUNG	2	MUTED		89	SP GENDER ROOT	
SEMAR_PAGULINGAN	GENDERRAMBAT		DUNG	2	MUTED		90	SP GENDER ROOT	
SEMAR_PAGULINGAN	GENDERRAMBAT		DANG	2	MUTED		91	SP GENDER ROOT	
SEMAR_PAGULINGAN	GENDERRAMBAT		DAING	2	MUTED		92	SP GENDER ROOT	
SEMAR_PAGULINGAN	TROMPONG		DING	0	OPEN		51	SP TROMPONG ROOT	
SEMAR_PAGULINGAN	TROMPONG		DONG	0	OPEN		52	SP TROMPONG ROOT	
SEMAR_PAGULINGAN	TROMPONG		DENG	0	OPEN		53	SP TROMPONG ROOT	
SEMAR_PAGULINGAN	TROMPONG		DEUNG	0	OPEN		54	SP TROMPONG ROOT	
SEMAR_PAGULINGAN	TROMPONG		DUNG	0	OPEN		55	SP TROMPONG ROOT	
SEMAR_PAGULINGAN	TROMPONG		DANG	0	OPEN		56	SP TROMPONG ROOT	
SEMAR_PAGULINGAN	TROMPONG		DAING	0	OPEN		57	SP TROMPONG ROOT	
SEMAR_PAGULINGAN	TROMPONG		DING	1	OPEN		58	SP TROMPONG ROOT	SP TROMPONG DING3.wav
SEMAR_PAGULINGAN	TROMPONG		DONG	1	OPEN		59	SP TROMPONG ROOT	
SEMAR_PAGULINGAN	TROMPONG		DENG	1	OPEN		60	SP TROMPONG ROOT	
SEMAR_PAGULINGAN	TROMPONG		DEUNG	1	OPEN		61	SP TROMPONG ROOT	
SEMAR_PAGULINGAN	TROMPONG		DUNG	1	OPEN		62	SP TROMPONG ROOT	
SEMAR_PAGULINGAN	TROMPONG		DANG	1	OPEN		63	SP TROMPONG ROOT	
SEMAR_PAGULINGAN	TROMPONG		DAING	1	OPEN		64	SP TROMPONG ROOT	
SEMAR_PAGULINGAN	TROMPONG		DING	1	ABBREVIATED		65	SP TROMPONG ROOT	
SEMAR_PAGULINGAN	TROMPONG		DONG	1	ABBREVIATED		66	SP TROMPONG ROOT	
SEMAR_PAGULINGAN	TROMPONG		DENG	1	ABBREVIATED		67	SP TROMPONG ROOT	
SEMAR_PAGULINGAN	TROMPONG		DEUNG	1	ABBREVIATED		68	SP TROMPONG ROOT	
SEMAR_PAGULINGAN	TROMPONG		DUNG	1	ABBREVIATED		69	SP TROMPONG ROOT	
SEMAR_PAGULINGAN	TROMPONG		DANG	1	ABBREVIATED		70	SP TROMPONG ROOT	
SEMAR_PAGULINGAN	TROMPONG		DAING	1	ABBREVIATED		71	SP TROMPONG ROOT	
SEMAR_PAGULINGAN	TROMPONG		DING	2	ABBREVIATED		72	SP TROMPONG ROOT	
SEMAR_PAGULINGAN	TROMPONG		DONG	2	ABBREVIATED		73	SP TROMPONG ROOT	
SEMAR_PAGULINGAN	TROMPONG		DENG	2	ABBREVIATED		74	SP TROMPONG ROOT	
SEMAR_PAGULINGAN	TROMPONG		DEUNG	2	ABBREVIATED		75	SP TROMPONG ROOT	
SEMAR_PAGULINGAN	TROMPONG		DUNG	2	ABBREVIATED		76	SP TROMPONG ROOT	
SEMAR_PAGULINGAN	TROMPONG		DANG	2	ABBREVIATED		77	SP TROMPONG ROOT	
SEMAR_PAGULINGAN	TROMPONG		DAING	2	ABBREVIATED		78	SP TROMPONG ROOT	
SEMAR_PAGULINGAN	TROMPONG		DING	1	MUTED		79	SP TROMPONG ROOT	
SEMAR_PAGULINGAN	TROMPONG		DONG	1	MUTED		80	SP TROMPONG ROOT	
SEMAR_PAGULINGAN	TROMPONG		DENG	1	MUTED		81	SP TROMPONG ROOT	
SEMAR_PAGULINGAN	TROMPONG		DEUNG	1	MUTED		82	SP TROMPONG ROOT	
SEMAR_PAGULINGAN	TROMPONG		DUNG	1	MUTED		83	SP TROMPONG ROOT	
SEMAR_PAGULINGAN	TROMPONG		DANG	1	MUTED		84	SP TROMPONG ROOT	
SEMAR_PAGULINGAN	TROMPONG		DAING	1	MUTED		85	SP TROMPONG ROOT	
SEMAR_PAGULINGAN	TROMPONG		DING	2	MUTED		86	SP TROMPONG ROOT	
SEMAR_PAGULINGAN	TROMPONG		DONG	2	MUTED		87	SP TROMPONG ROOT	
SEMAR_PAGULINGAN	TROMPONG		DENG	2	MUTED		88	SP TROMPONG ROOT	
SEMAR_PAGULINGAN	TROMPONG		DEUNG	2	MUTED		89	SP TROMPONG ROOT	
SEMAR_PAGULINGAN	TROMPONG		DUNG	2	MUTED		90	SP TROMPONG ROOT	
SEMAR_PAGULINGAN	TROMPONG		DANG	2	MUTED		91	SP TROMPONG ROOT	
SEMAR_PAGULINGAN	TROMPONG		DAING	2	MUTED		92	SP TROMPONG ROOT	
