instrumenttype	position	symbol	pitch	octave	stroke	note_value	modifier	midinote	rootnote	sample
UGAL	UGAL		DONG	0	OPEN	1.0	NONE	[127]		
UGAL	UGAL		DONG	0	OPEN	0.5	NONE	[127]		
UGAL	UGAL		DONG	0	OPEN	0.25	NONE	[127]		
UGAL	UGAL		DONG	0	ABBREVIATED	1.0	NONE	[127]		
UGAL	UGAL		DONG	0	ABBREVIATED	0.5	NONE	[127]		
UGAL	UGAL		DONG	0	ABBREVIATED	0.25	NONE	[127]		
UGAL	UGAL		DONG	0	MUTED	1.0	NONE	[127]		
UGAL	UGAL		DONG	0	MUTED	0.5	NONE	[127]		
UGAL	UGAL		DONG	0	MUTED	0.25	NONE	[127]		
UGAL	UGAL		DENG	0	OPEN	1.0	NONE	[127]		
UGAL	UGAL		DENG	0	OPEN	0.5	NONE	[127]		
UGAL	UGAL		DENG	0	OPEN	0.25	NONE	[127]		
UGAL	UGAL		DENG	0	ABBREVIATED	1.0	NONE	[127]		
UGAL	UGAL		DENG	0	ABBREVIATED	0.5	NONE	[127]		
UGAL	UGAL		DENG	0	ABBREVIATED	0.25	NONE	[127]		
UGAL	UGAL		DENG	0	MUTED	1.0	NONE	[127]		
UGAL	UGAL		DENG	0	MUTED	0.5	NONE	[127]		
UGAL	UGAL		DENG	0	MUTED	0.25	NONE	[127]		
UGAL	UGAL		DUNG	0	OPEN	1.0	NONE	[127]		
UGAL	UGAL		DUNG	0	OPEN	0.5	NONE	[127]		
UGAL	UGAL		DUNG	0	OPEN	0.25	NONE	[127]		
UGAL	UGAL		DUNG	0	ABBREVIATED	1.0	NONE	[127]		
UGAL	UGAL		DUNG	0	ABBREVIATED	0.5	NONE	[127]		
UGAL	UGAL		DUNG	0	ABBREVIATED	0.25	NONE	[127]		
UGAL	UGAL		DUNG	0	MUTED	1.0	NONE	[127]		
UGAL	UGAL		DUNG	0	MUTED	0.5	NONE	[127]		
UGAL	UGAL		DUNG	0	MUTED	0.25	NONE	[127]		
UGAL	UGAL		DANG	0	OPEN	1.0	NONE	[127]		
UGAL	UGAL		DANG	0	OPEN	0.5	NONE	[127]		
UGAL	UGAL		DANG	0	OPEN	0.25	NONE	[127]		
UGAL	UGAL		DANG	0	ABBREVIATED	1.0	NONE	[127]		
UGAL	UGAL		DANG	0	ABBREVIATED	0.5	NONE	[127]		
UGAL	UGAL		DANG	0	ABBREVIATED	0.25	NONE	[127]		
UGAL	UGAL		DANG	0	MUTED	1.0	NONE	[127]		
UGAL	UGAL		DANG	0	MUTED	0.5	NONE	[127]		
UGAL	UGAL		DANG	0	MUTED	0.25	NONE	[127]		
UGAL	UGAL		DING	1	OPEN	1.0	NONE	[127]		
UGAL	UGAL		DING	1	OPEN	0.5	NONE	[127]		
UGAL	UGAL		DING	1	OPEN	0.25	NONE	[127]		
UGAL	UGAL		DING	1	ABBREVIATED	1.0	NONE	[127]		
UGAL	UGAL		DING	1	ABBREVIATED	0.5	NONE	[127]		
UGAL	UGAL		DING	1	ABBREVIATED	0.25	NONE	[127]		
UGAL	UGAL		DING	1	MUTED	1.0	NONE	[127]		
UGAL	UGAL		DING	1	MUTED	0.5	NONE	[127]		
UGAL	UGAL		DING	1	MUTED	0.25	NONE	[127]		
UGAL	UGAL		DONG	1	OPEN	1.0	NONE	[127]		
UGAL	UGAL		DONG	1	OPEN	0.5	NONE	[127]		
UGAL	UGAL		DONG	1	OPEN	0.25	NONE	[127]		
UGAL	UGAL		DONG	1	ABBREVIATED	1.0	NONE	[127]		
UGAL	UGAL		DONG	1	ABBREVIATED	0.5	NONE	[127]		
UGAL	UGAL		DONG	1	ABBREVIATED	0.25	NONE	[127]		
UGAL	UGAL		DONG	1	MUTED	1.0	NONE	[127]		
UGAL	UGAL		DONG	1	MUTED	0.5	NONE	[127]		
UGAL	UGAL		DONG	1	MUTED	0.25	NONE	[127]		
UGAL	UGAL		DENG	1	OPEN	1.0	NONE	[127]		
UGAL	UGAL		DENG	1	OPEN	0.5	NONE	[127]		
UGAL	UGAL		DENG	1	OPEN	0.25	NONE	[127]		
UGAL	UGAL		DENG	1	ABBREVIATED	1.0	NONE	[127]		
UGAL	UGAL		DENG	1	ABBREVIATED	0.5	NONE	[127]		
UGAL	UGAL		DENG	1	ABBREVIATED	0.25	NONE	[127]		
UGAL	UGAL		DENG	1	MUTED	1.0	NONE	[127]		
UGAL	UGAL		DENG	1	MUTED	0.5	NONE	[127]		
UGAL	UGAL		DENG	1	MUTED	0.25	NONE	[127]		
UGAL	UGAL		DUNG	1	OPEN	1.0	NONE	[127]		
UGAL	UGAL		DUNG	1	OPEN	0.5	NONE	[127]		
UGAL	UGAL		DUNG	1	OPEN	0.25	NONE	[127]		
UGAL	UGAL		DUNG	1	ABBREVIATED	1.0	NONE	[127]		
UGAL	UGAL		DUNG	1	ABBREVIATED	0.5	NONE	[127]		
UGAL	UGAL		DUNG	1	ABBREVIATED	0.25	NONE	[127]		
UGAL	UGAL		DUNG	1	MUTED	1.0	NONE	[127]		
UGAL	UGAL		DUNG	1	MUTED	0.5	NONE	[127]		
UGAL	UGAL		DUNG	1	MUTED	0.25	NONE	[127]		
UGAL	UGAL		DANG	1	OPEN	1.0	NONE	[127]		
UGAL	UGAL		DANG	1	OPEN	0.5	NONE	[127]		
UGAL	UGAL		DANG	1	OPEN	0.25	NONE	[127]		
UGAL	UGAL		DANG	1	ABBREVIATED	1.0	NONE	[127]		
UGAL	UGAL		DANG	1	ABBREVIATED	0.5	NONE	[127]		
UGAL	UGAL		DANG	1	ABBREVIATED	0.25	NONE	[127]		
UGAL	UGAL		DANG	1	MUTED	1.0	NONE	[127]		
UGAL	UGAL		DANG	1	MUTED	0.5	NONE	[127]		
UGAL	UGAL		DANG	1	MUTED	0.25	NONE	[127]		
UGAL	UGAL		DING	2	OPEN	1.0	NONE	[127]		
UGAL	UGAL		DING	2	OPEN	0.5	NONE	[127]		
UGAL	UGAL		DING	2	OPEN	0.25	NONE	[127]		
UGAL	UGAL		DING	2	ABBREVIATED	1.0	NONE	[127]		
UGAL	UGAL		DING	2	ABBREVIATED	0.5	NONE	[127]		
UGAL	UGAL		DING	2	ABBREVIATED	0.25	NONE	[127]		
UGAL	UGAL		DING	2	MUTED	1.0	NONE	[127]		
UGAL	UGAL		DING	2	MUTED	0.5	NONE	[127]		
UGAL	UGAL		DING	2	MUTED	0.25	NONE	[127]		
UGAL	UGAL		DONG	0	TREMOLO	1.0	NONE	[127]		
UGAL	UGAL		DONG	0	TREMOLO_ACCELERATING	1.0	NONE	[127]		
UGAL	UGAL		DONG	0	GRACE_NOTE	1.0	NONE	[127]		
UGAL	UGAL		DONG	0	NOROT	1.0	NONE	[127]		
UGAL	UGAL		DENG	0	TREMOLO	1.0	NONE	[127]		
UGAL	UGAL		DENG	0	TREMOLO_ACCELERATING	1.0	NONE	[127]		
UGAL	UGAL		DENG	0	GRACE_NOTE	1.0	NONE	[127]		
UGAL	UGAL		DENG	0	NOROT	1.0	NONE	[127]		
UGAL	UGAL		DUNG	0	TREMOLO	1.0	NONE	[127]		
UGAL	UGAL		DUNG	0	TREMOLO_ACCELERATING	1.0	NONE	[127]		
UGAL	UGAL		DUNG	0	GRACE_NOTE	1.0	NONE	[127]		
UGAL	UGAL		DUNG	0	NOROT	1.0	NONE	[127]		
UGAL	UGAL		DANG	0	TREMOLO	1.0	NONE	[127]		
UGAL	UGAL		DANG	0	TREMOLO_ACCELERATING	1.0	NONE	[127]		
UGAL	UGAL		DANG	0	GRACE_NOTE	1.0	NONE	[127]		
UGAL	UGAL		DANG	0	NOROT	1.0	NONE	[127]		
UGAL	UGAL		DING	1	TREMOLO	1.0	NONE	[127]		
UGAL	UGAL		DING	1	TREMOLO_ACCELERATING	1.0	NONE	[127]		
UGAL	UGAL		DING	1	GRACE_NOTE	1.0	NONE	[127]		
UGAL	UGAL		DING	1	NOROT	1.0	NONE	[127]		
UGAL	UGAL		DONG	1	TREMOLO	1.0	NONE	[127]		
UGAL	UGAL		DONG	1	TREMOLO_ACCELERATING	1.0	NONE	[127]		
UGAL	UGAL		DONG	1	GRACE_NOTE	1.0	NONE	[127]		
UGAL	UGAL		DONG	1	NOROT	1.0	NONE	[127]		
UGAL	UGAL		DENG	1	TREMOLO	1.0	NONE	[127]		
UGAL	UGAL		DENG	1	TREMOLO_ACCELERATING	1.0	NONE	[127]		
UGAL	UGAL		DENG	1	GRACE_NOTE	1.0	NONE	[127]		
UGAL	UGAL		DENG	1	NOROT	1.0	NONE	[127]		
UGAL	UGAL		DUNG	1	TREMOLO	1.0	NONE	[127]		
UGAL	UGAL		DUNG	1	TREMOLO_ACCELERATING	1.0	NONE	[127]		
UGAL	UGAL		DUNG	1	GRACE_NOTE	1.0	NONE	[127]		
UGAL	UGAL		DUNG	1	NOROT	1.0	NONE	[127]		
UGAL	UGAL		DANG	1	TREMOLO	1.0	NONE	[127]		
UGAL	UGAL		DANG	1	TREMOLO_ACCELERATING	1.0	NONE	[127]		
UGAL	UGAL		DANG	1	GRACE_NOTE	1.0	NONE	[127]		
UGAL	UGAL		DANG	1	NOROT	1.0	NONE	[127]		
UGAL	UGAL		DING	2	TREMOLO	1.0	NONE	[127]		
UGAL	UGAL		DING	2	TREMOLO_ACCELERATING	1.0	NONE	[127]		
UGAL	UGAL		DING	2	GRACE_NOTE	1.0	NONE	[127]		
UGAL	UGAL		DING	2	NOROT	1.0	NONE	[127]		
UGAL	UGAL		NONE	None	EXTENSION	1.0	NONE	[127]		
UGAL	UGAL		NONE	None	EXTENSION	0.5	NONE	[127]		
UGAL	UGAL		NONE	None	EXTENSION	0.25	NONE	[127]		
UGAL	UGAL		NONE	None	SILENCE	1.0	NONE	[127]		
UGAL	UGAL		NONE	None	SILENCE	0.5	NONE	[127]		
UGAL	UGAL		NONE	None	SILENCE	0.25	NONE	[127]		
GENDERRAMBAT	GENDERRAMBAT		DONG	0	OPEN	1.0	NONE	[127]		
GENDERRAMBAT	GENDERRAMBAT		DONG	0	OPEN	0.5	NONE	[127]		
GENDERRAMBAT	GENDERRAMBAT		DONG	0	OPEN	0.25	NONE	[127]		
GENDERRAMBAT	GENDERRAMBAT		DONG	0	ABBREVIATED	1.0	NONE	[127]		
GENDERRAMBAT	GENDERRAMBAT		DONG	0	ABBREVIATED	0.5	NONE	[127]		
GENDERRAMBAT	GENDERRAMBAT		DONG	0	ABBREVIATED	0.25	NONE	[127]		
GENDERRAMBAT	GENDERRAMBAT		DONG	0	MUTED	1.0	NONE	[127]		
GENDERRAMBAT	GENDERRAMBAT		DONG	0	MUTED	0.5	NONE	[127]		
GENDERRAMBAT	GENDERRAMBAT		DONG	0	MUTED	0.25	NONE	[127]		
GENDERRAMBAT	GENDERRAMBAT		DENG	0	OPEN	1.0	NONE	[127]		
GENDERRAMBAT	GENDERRAMBAT		DENG	0	OPEN	0.5	NONE	[127]		
GENDERRAMBAT	GENDERRAMBAT		DENG	0	OPEN	0.25	NONE	[127]		
GENDERRAMBAT	GENDERRAMBAT		DENG	0	ABBREVIATED	1.0	NONE	[127]		
GENDERRAMBAT	GENDERRAMBAT		DENG	0	ABBREVIATED	0.5	NONE	[127]		
GENDERRAMBAT	GENDERRAMBAT		DENG	0	ABBREVIATED	0.25	NONE	[127]		
GENDERRAMBAT	GENDERRAMBAT		DENG	0	MUTED	1.0	NONE	[127]		
GENDERRAMBAT	GENDERRAMBAT		DENG	0	MUTED	0.5	NONE	[127]		
GENDERRAMBAT	GENDERRAMBAT		DENG	0	MUTED	0.25	NONE	[127]		
GENDERRAMBAT	GENDERRAMBAT		DUNG	0	OPEN	1.0	NONE	[127]		
GENDERRAMBAT	GENDERRAMBAT		DUNG	0	OPEN	0.5	NONE	[127]		
GENDERRAMBAT	GENDERRAMBAT		DUNG	0	OPEN	0.25	NONE	[127]		
GENDERRAMBAT	GENDERRAMBAT		DUNG	0	ABBREVIATED	1.0	NONE	[127]		
GENDERRAMBAT	GENDERRAMBAT		DUNG	0	ABBREVIATED	0.5	NONE	[127]		
GENDERRAMBAT	GENDERRAMBAT		DUNG	0	ABBREVIATED	0.25	NONE	[127]		
GENDERRAMBAT	GENDERRAMBAT		DUNG	0	MUTED	1.0	NONE	[127]		
GENDERRAMBAT	GENDERRAMBAT		DUNG	0	MUTED	0.5	NONE	[127]		
GENDERRAMBAT	GENDERRAMBAT		DUNG	0	MUTED	0.25	NONE	[127]		
GENDERRAMBAT	GENDERRAMBAT		DANG	0	OPEN	1.0	NONE	[127]		
GENDERRAMBAT	GENDERRAMBAT		DANG	0	OPEN	0.5	NONE	[127]		
GENDERRAMBAT	GENDERRAMBAT		DANG	0	OPEN	0.25	NONE	[127]		
GENDERRAMBAT	GENDERRAMBAT		DANG	0	ABBREVIATED	1.0	NONE	[127]		
GENDERRAMBAT	GENDERRAMBAT		DANG	0	ABBREVIATED	0.5	NONE	[127]		
GENDERRAMBAT	GENDERRAMBAT		DANG	0	ABBREVIATED	0.25	NONE	[127]		
GENDERRAMBAT	GENDERRAMBAT		DANG	0	MUTED	1.0	NONE	[127]		
GENDERRAMBAT	GENDERRAMBAT		DANG	0	MUTED	0.5	NONE	[127]		
GENDERRAMBAT	GENDERRAMBAT		DANG	0	MUTED	0.25	NONE	[127]		
GENDERRAMBAT	GENDERRAMBAT		DING	1	OPEN	1.0	NONE	[127]		
GENDERRAMBAT	GENDERRAMBAT		DING	1	OPEN	0.5	NONE	[127]		
GENDERRAMBAT	GENDERRAMBAT		DING	1	OPEN	0.25	NONE	[127]		
GENDERRAMBAT	GENDERRAMBAT		DING	1	ABBREVIATED	1.0	NONE	[127]		
GENDERRAMBAT	GENDERRAMBAT		DING	1	ABBREVIATED	0.5	NONE	[127]		
GENDERRAMBAT	GENDERRAMBAT		DING	1	ABBREVIATED	0.25	NONE	[127]		
GENDERRAMBAT	GENDERRAMBAT		DING	1	MUTED	1.0	NONE	[127]		
GENDERRAMBAT	GENDERRAMBAT		DING	1	MUTED	0.5	NONE	[127]		
GENDERRAMBAT	GENDERRAMBAT		DING	1	MUTED	0.25	NONE	[127]		
GENDERRAMBAT	GENDERRAMBAT		DONG	1	OPEN	1.0	NONE	[127]		
GENDERRAMBAT	GENDERRAMBAT		DONG	1	OPEN	0.5	NONE	[127]		
GENDERRAMBAT	GENDERRAMBAT		DONG	1	OPEN	0.25	NONE	[127]		
GENDERRAMBAT	GENDERRAMBAT		DONG	1	ABBREVIATED	1.0	NONE	[127]		
GENDERRAMBAT	GENDERRAMBAT		DONG	1	ABBREVIATED	0.5	NONE	[127]		
GENDERRAMBAT	GENDERRAMBAT		DONG	1	ABBREVIATED	0.25	NONE	[127]		
GENDERRAMBAT	GENDERRAMBAT		DONG	1	MUTED	1.0	NONE	[127]		
GENDERRAMBAT	GENDERRAMBAT		DONG	1	MUTED	0.5	NONE	[127]		
GENDERRAMBAT	GENDERRAMBAT		DONG	1	MUTED	0.25	NONE	[127]		
GENDERRAMBAT	GENDERRAMBAT		DENG	1	OPEN	1.0	NONE	[127]		
GENDERRAMBAT	GENDERRAMBAT		DENG	1	OPEN	0.5	NONE	[127]		
GENDERRAMBAT	GENDERRAMBAT		DENG	1	OPEN	0.25	NONE	[127]		
GENDERRAMBAT	GENDERRAMBAT		DENG	1	ABBREVIATED	1.0	NONE	[127]		
GENDERRAMBAT	GENDERRAMBAT		DENG	1	ABBREVIATED	0.5	NONE	[127]		
GENDERRAMBAT	GENDERRAMBAT		DENG	1	ABBREVIATED	0.25	NONE	[127]		
GENDERRAMBAT	GENDERRAMBAT		DENG	1	MUTED	1.0	NONE	[127]		
GENDERRAMBAT	GENDERRAMBAT		DENG	1	MUTED	0.5	NONE	[127]		
GENDERRAMBAT	GENDERRAMBAT		DENG	1	MUTED	0.25	NONE	[127]		
GENDERRAMBAT	GENDERRAMBAT		DUNG	1	OPEN	1.0	NONE	[127]		
GENDERRAMBAT	GENDERRAMBAT		DUNG	1	OPEN	0.5	NONE	[127]		
GENDERRAMBAT	GENDERRAMBAT		DUNG	1	OPEN	0.25	NONE	[127]		
GENDERRAMBAT	GENDERRAMBAT		DUNG	1	ABBREVIATED	1.0	NONE	[127]		
GENDERRAMBAT	GENDERRAMBAT		DUNG	1	ABBREVIATED	0.5	NONE	[127]		
GENDERRAMBAT	GENDERRAMBAT		DUNG	1	ABBREVIATED	0.25	NONE	[127]		
GENDERRAMBAT	GENDERRAMBAT		DUNG	1	MUTED	1.0	NONE	[127]		
GENDERRAMBAT	GENDERRAMBAT		DUNG	1	MUTED	0.5	NONE	[127]		
GENDERRAMBAT	GENDERRAMBAT		DUNG	1	MUTED	0.25	NONE	[127]		
GENDERRAMBAT	GENDERRAMBAT		DANG	1	OPEN	1.0	NONE	[127]		
GENDERRAMBAT	GENDERRAMBAT		DANG	1	OPEN	0.5	NONE	[127]		
GENDERRAMBAT	GENDERRAMBAT		DANG	1	OPEN	0.25	NONE	[127]		
GENDERRAMBAT	GENDERRAMBAT		DANG	1	ABBREVIATED	1.0	NONE	[127]		
GENDERRAMBAT	GENDERRAMBAT		DANG	1	ABBREVIATED	0.5	NONE	[127]		
GENDERRAMBAT	GENDERRAMBAT		DANG	1	ABBREVIATED	0.25	NONE	[127]		
GENDERRAMBAT	GENDERRAMBAT		DANG	1	MUTED	1.0	NONE	[127]		
GENDERRAMBAT	GENDERRAMBAT		DANG	1	MUTED	0.5	NONE	[127]		
GENDERRAMBAT	GENDERRAMBAT		DANG	1	MUTED	0.25	NONE	[127]		
GENDERRAMBAT	GENDERRAMBAT		DING	2	OPEN	1.0	NONE	[127]		
GENDERRAMBAT	GENDERRAMBAT		DING	2	OPEN	0.5	NONE	[127]		
GENDERRAMBAT	GENDERRAMBAT		DING	2	OPEN	0.25	NONE	[127]		
GENDERRAMBAT	GENDERRAMBAT		DING	2	ABBREVIATED	1.0	NONE	[127]		
GENDERRAMBAT	GENDERRAMBAT		DING	2	ABBREVIATED	0.5	NONE	[127]		
GENDERRAMBAT	GENDERRAMBAT		DING	2	ABBREVIATED	0.25	NONE	[127]		
GENDERRAMBAT	GENDERRAMBAT		DING	2	MUTED	1.0	NONE	[127]		
GENDERRAMBAT	GENDERRAMBAT		DING	2	MUTED	0.5	NONE	[127]		
GENDERRAMBAT	GENDERRAMBAT		DING	2	MUTED	0.25	NONE	[127]		
GENDERRAMBAT	GENDERRAMBAT		DONG	2	OPEN	1.0	NONE	[127]		
GENDERRAMBAT	GENDERRAMBAT		DONG	2	OPEN	0.5	NONE	[127]		
GENDERRAMBAT	GENDERRAMBAT		DONG	2	OPEN	0.25	NONE	[127]		
GENDERRAMBAT	GENDERRAMBAT		DONG	2	ABBREVIATED	1.0	NONE	[127]		
GENDERRAMBAT	GENDERRAMBAT		DONG	2	ABBREVIATED	0.5	NONE	[127]		
GENDERRAMBAT	GENDERRAMBAT		DONG	2	ABBREVIATED	0.25	NONE	[127]		
GENDERRAMBAT	GENDERRAMBAT		DONG	2	MUTED	1.0	NONE	[127]		
GENDERRAMBAT	GENDERRAMBAT		DONG	2	MUTED	0.5	NONE	[127]		
GENDERRAMBAT	GENDERRAMBAT		DONG	2	MUTED	0.25	NONE	[127]		
GENDERRAMBAT	GENDERRAMBAT		DENG	2	OPEN	1.0	NONE	[127]		
GENDERRAMBAT	GENDERRAMBAT		DENG	2	OPEN	0.5	NONE	[127]		
GENDERRAMBAT	GENDERRAMBAT		DENG	2	OPEN	0.25	NONE	[127]		
GENDERRAMBAT	GENDERRAMBAT		DENG	2	ABBREVIATED	1.0	NONE	[127]		
GENDERRAMBAT	GENDERRAMBAT		DENG	2	ABBREVIATED	0.5	NONE	[127]		
GENDERRAMBAT	GENDERRAMBAT		DENG	2	ABBREVIATED	0.25	NONE	[127]		
GENDERRAMBAT	GENDERRAMBAT		DENG	2	MUTED	1.0	NONE	[127]		
GENDERRAMBAT	GENDERRAMBAT		DENG	2	MUTED	0.5	NONE	[127]		
GENDERRAMBAT	GENDERRAMBAT		DENG	2	MUTED	0.25	NONE	[127]		
GENDERRAMBAT	GENDERRAMBAT		DUNG	2	OPEN	1.0	NONE	[127]		
GENDERRAMBAT	GENDERRAMBAT		DUNG	2	OPEN	0.5	NONE	[127]		
GENDERRAMBAT	GENDERRAMBAT		DUNG	2	OPEN	0.25	NONE	[127]		
GENDERRAMBAT	GENDERRAMBAT		DUNG	2	ABBREVIATED	1.0	NONE	[127]		
GENDERRAMBAT	GENDERRAMBAT		DUNG	2	ABBREVIATED	0.5	NONE	[127]		
GENDERRAMBAT	GENDERRAMBAT		DUNG	2	ABBREVIATED	0.25	NONE	[127]		
GENDERRAMBAT	GENDERRAMBAT		DUNG	2	MUTED	1.0	NONE	[127]		
GENDERRAMBAT	GENDERRAMBAT		DUNG	2	MUTED	0.5	NONE	[127]		
GENDERRAMBAT	GENDERRAMBAT		DUNG	2	MUTED	0.25	NONE	[127]		
GENDERRAMBAT	GENDERRAMBAT		DANG	2	OPEN	1.0	NONE	[127]		
GENDERRAMBAT	GENDERRAMBAT		DANG	2	OPEN	0.5	NONE	[127]		
GENDERRAMBAT	GENDERRAMBAT		DANG	2	OPEN	0.25	NONE	[127]		
GENDERRAMBAT	GENDERRAMBAT		DANG	2	ABBREVIATED	1.0	NONE	[127]		
GENDERRAMBAT	GENDERRAMBAT		DANG	2	ABBREVIATED	0.5	NONE	[127]		
GENDERRAMBAT	GENDERRAMBAT		DANG	2	ABBREVIATED	0.25	NONE	[127]		
GENDERRAMBAT	GENDERRAMBAT		DANG	2	MUTED	1.0	NONE	[127]		
GENDERRAMBAT	GENDERRAMBAT		DANG	2	MUTED	0.5	NONE	[127]		
GENDERRAMBAT	GENDERRAMBAT		DANG	2	MUTED	0.25	NONE	[127]		
GENDERRAMBAT	GENDERRAMBAT		DONG	0	TREMOLO	1.0	NONE	[127]		
GENDERRAMBAT	GENDERRAMBAT		DONG	0	TREMOLO_ACCELERATING	1.0	NONE	[127]		
GENDERRAMBAT	GENDERRAMBAT		DONG	0	GRACE_NOTE	1.0	NONE	[127]		
GENDERRAMBAT	GENDERRAMBAT		DONG	0	NOROT	1.0	NONE	[127]		
GENDERRAMBAT	GENDERRAMBAT		DENG	0	TREMOLO	1.0	NONE	[127]		
GENDERRAMBAT	GENDERRAMBAT		DENG	0	TREMOLO_ACCELERATING	1.0	NONE	[127]		
GENDERRAMBAT	GENDERRAMBAT		DENG	0	GRACE_NOTE	1.0	NONE	[127]		
GENDERRAMBAT	GENDERRAMBAT		DENG	0	NOROT	1.0	NONE	[127]		
GENDERRAMBAT	GENDERRAMBAT		DUNG	0	TREMOLO	1.0	NONE	[127]		
GENDERRAMBAT	GENDERRAMBAT		DUNG	0	TREMOLO_ACCELERATING	1.0	NONE	[127]		
GENDERRAMBAT	GENDERRAMBAT		DUNG	0	GRACE_NOTE	1.0	NONE	[127]		
GENDERRAMBAT	GENDERRAMBAT		DUNG	0	NOROT	1.0	NONE	[127]		
GENDERRAMBAT	GENDERRAMBAT		DANG	0	TREMOLO	1.0	NONE	[127]		
GENDERRAMBAT	GENDERRAMBAT		DANG	0	TREMOLO_ACCELERATING	1.0	NONE	[127]		
GENDERRAMBAT	GENDERRAMBAT		DANG	0	GRACE_NOTE	1.0	NONE	[127]		
GENDERRAMBAT	GENDERRAMBAT		DANG	0	NOROT	1.0	NONE	[127]		
GENDERRAMBAT	GENDERRAMBAT		DING	1	TREMOLO	1.0	NONE	[127]		
GENDERRAMBAT	GENDERRAMBAT		DING	1	TREMOLO_ACCELERATING	1.0	NONE	[127]		
GENDERRAMBAT	GENDERRAMBAT		DING	1	GRACE_NOTE	1.0	NONE	[127]		
GENDERRAMBAT	GENDERRAMBAT		DING	1	NOROT	1.0	NONE	[127]		
GENDERRAMBAT	GENDERRAMBAT		DONG	1	TREMOLO	1.0	NONE	[127]		
GENDERRAMBAT	GENDERRAMBAT		DONG	1	TREMOLO_ACCELERATING	1.0	NONE	[127]		
GENDERRAMBAT	GENDERRAMBAT		DONG	1	GRACE_NOTE	1.0	NONE	[127]		
GENDERRAMBAT	GENDERRAMBAT		DONG	1	NOROT	1.0	NONE	[127]		
GENDERRAMBAT	GENDERRAMBAT		DENG	1	TREMOLO	1.0	NONE	[127]		
GENDERRAMBAT	GENDERRAMBAT		DENG	1	TREMOLO_ACCELERATING	1.0	NONE	[127]		
GENDERRAMBAT	GENDERRAMBAT		DENG	1	GRACE_NOTE	1.0	NONE	[127]		
GENDERRAMBAT	GENDERRAMBAT		DENG	1	NOROT	1.0	NONE	[127]		
GENDERRAMBAT	GENDERRAMBAT		DUNG	1	TREMOLO	1.0	NONE	[127]		
GENDERRAMBAT	GENDERRAMBAT		DUNG	1	TREMOLO_ACCELERATING	1.0	NONE	[127]		
GENDERRAMBAT	GENDERRAMBAT		DUNG	1	GRACE_NOTE	1.0	NONE	[127]		
GENDERRAMBAT	GENDERRAMBAT		DUNG	1	NOROT	1.0	NONE	[127]		
GENDERRAMBAT	GENDERRAMBAT		DANG	1	TREMOLO	1.0	NONE	[127]		
GENDERRAMBAT	GENDERRAMBAT		DANG	1	TREMOLO_ACCELERATING	1.0	NONE	[127]		
GENDERRAMBAT	GENDERRAMBAT		DANG	1	GRACE_NOTE	1.0	NONE	[127]		
GENDERRAMBAT	GENDERRAMBAT		DANG	1	NOROT	1.0	NONE	[127]		
GENDERRAMBAT	GENDERRAMBAT		DING	2	TREMOLO	1.0	NONE	[127]		
GENDERRAMBAT	GENDERRAMBAT		DING	2	TREMOLO_ACCELERATING	1.0	NONE	[127]		
GENDERRAMBAT	GENDERRAMBAT		DING	2	GRACE_NOTE	1.0	NONE	[127]		
GENDERRAMBAT	GENDERRAMBAT		DING	2	NOROT	1.0	NONE	[127]		
GENDERRAMBAT	GENDERRAMBAT		DONG	2	TREMOLO	1.0	NONE	[127]		
GENDERRAMBAT	GENDERRAMBAT		DONG	2	TREMOLO_ACCELERATING	1.0	NONE	[127]		
GENDERRAMBAT	GENDERRAMBAT		DONG	2	GRACE_NOTE	1.0	NONE	[127]		
GENDERRAMBAT	GENDERRAMBAT		DONG	2	NOROT	1.0	NONE	[127]		
GENDERRAMBAT	GENDERRAMBAT		DENG	2	TREMOLO	1.0	NONE	[127]		
GENDERRAMBAT	GENDERRAMBAT		DENG	2	TREMOLO_ACCELERATING	1.0	NONE	[127]		
GENDERRAMBAT	GENDERRAMBAT		DENG	2	GRACE_NOTE	1.0	NONE	[127]		
GENDERRAMBAT	GENDERRAMBAT		DENG	2	NOROT	1.0	NONE	[127]		
GENDERRAMBAT	GENDERRAMBAT		DUNG	2	TREMOLO	1.0	NONE	[127]		
GENDERRAMBAT	GENDERRAMBAT		DUNG	2	TREMOLO_ACCELERATING	1.0	NONE	[127]		
GENDERRAMBAT	GENDERRAMBAT		DUNG	2	GRACE_NOTE	1.0	NONE	[127]		
GENDERRAMBAT	GENDERRAMBAT		DUNG	2	NOROT	1.0	NONE	[127]		
GENDERRAMBAT	GENDERRAMBAT		DANG	2	TREMOLO	1.0	NONE	[127]		
GENDERRAMBAT	GENDERRAMBAT		DANG	2	TREMOLO_ACCELERATING	1.0	NONE	[127]		
GENDERRAMBAT	GENDERRAMBAT		DANG	2	GRACE_NOTE	1.0	NONE	[127]		
GENDERRAMBAT	GENDERRAMBAT		DANG	2	NOROT	1.0	NONE	[127]		
GENDERRAMBAT	GENDERRAMBAT		NONE	None	EXTENSION	1.0	NONE	[127]		
GENDERRAMBAT	GENDERRAMBAT		NONE	None	EXTENSION	0.5	NONE	[127]		
GENDERRAMBAT	GENDERRAMBAT		NONE	None	EXTENSION	0.25	NONE	[127]		
GENDERRAMBAT	GENDERRAMBAT		NONE	None	SILENCE	1.0	NONE	[127]		
GENDERRAMBAT	GENDERRAMBAT		NONE	None	SILENCE	0.5	NONE	[127]		
GENDERRAMBAT	GENDERRAMBAT		NONE	None	SILENCE	0.25	NONE	[127]		
TROMPONG	TROMPONG		DANG	0	OPEN	1.0	NONE	[127]		
TROMPONG	TROMPONG		DANG	0	OPEN	0.5	NONE	[127]		
TROMPONG	TROMPONG		DANG	0	OPEN	0.25	NONE	[127]		
TROMPONG	TROMPONG		DANG	0	ABBREVIATED	1.0	NONE	[127]		
TROMPONG	TROMPONG		DANG	0	ABBREVIATED	0.5	NONE	[127]		
TROMPONG	TROMPONG		DANG	0	ABBREVIATED	0.25	NONE	[127]		
TROMPONG	TROMPONG		DANG	0	MUTED	1.0	NONE	[127]		
TROMPONG	TROMPONG		DANG	0	MUTED	0.5	NONE	[127]		
TROMPONG	TROMPONG		DANG	0	MUTED	0.25	NONE	[127]		
TROMPONG	TROMPONG		DING	1	OPEN	1.0	NONE	[127]		
TROMPONG	TROMPONG		DING	1	OPEN	0.5	NONE	[127]		
TROMPONG	TROMPONG		DING	1	OPEN	0.25	NONE	[127]		
TROMPONG	TROMPONG		DING	1	ABBREVIATED	1.0	NONE	[127]		
TROMPONG	TROMPONG		DING	1	ABBREVIATED	0.5	NONE	[127]		
TROMPONG	TROMPONG		DING	1	ABBREVIATED	0.25	NONE	[127]		
TROMPONG	TROMPONG		DING	1	MUTED	1.0	NONE	[127]		
TROMPONG	TROMPONG		DING	1	MUTED	0.5	NONE	[127]		
TROMPONG	TROMPONG		DING	1	MUTED	0.25	NONE	[127]		
TROMPONG	TROMPONG		DONG	1	OPEN	1.0	NONE	[127]		
TROMPONG	TROMPONG		DONG	1	OPEN	0.5	NONE	[127]		
TROMPONG	TROMPONG		DONG	1	OPEN	0.25	NONE	[127]		
TROMPONG	TROMPONG		DONG	1	ABBREVIATED	1.0	NONE	[127]		
TROMPONG	TROMPONG		DONG	1	ABBREVIATED	0.5	NONE	[127]		
TROMPONG	TROMPONG		DONG	1	ABBREVIATED	0.25	NONE	[127]		
TROMPONG	TROMPONG		DONG	1	MUTED	1.0	NONE	[127]		
TROMPONG	TROMPONG		DONG	1	MUTED	0.5	NONE	[127]		
TROMPONG	TROMPONG		DONG	1	MUTED	0.25	NONE	[127]		
TROMPONG	TROMPONG		DENG	1	OPEN	1.0	NONE	[127]		
TROMPONG	TROMPONG		DENG	1	OPEN	0.5	NONE	[127]		
TROMPONG	TROMPONG		DENG	1	OPEN	0.25	NONE	[127]		
TROMPONG	TROMPONG		DENG	1	ABBREVIATED	1.0	NONE	[127]		
TROMPONG	TROMPONG		DENG	1	ABBREVIATED	0.5	NONE	[127]		
TROMPONG	TROMPONG		DENG	1	ABBREVIATED	0.25	NONE	[127]		
TROMPONG	TROMPONG		DENG	1	MUTED	1.0	NONE	[127]		
TROMPONG	TROMPONG		DENG	1	MUTED	0.5	NONE	[127]		
TROMPONG	TROMPONG		DENG	1	MUTED	0.25	NONE	[127]		
TROMPONG	TROMPONG		DUNG	1	OPEN	1.0	NONE	[127]		
TROMPONG	TROMPONG		DUNG	1	OPEN	0.5	NONE	[127]		
TROMPONG	TROMPONG		DUNG	1	OPEN	0.25	NONE	[127]		
TROMPONG	TROMPONG		DUNG	1	ABBREVIATED	1.0	NONE	[127]		
TROMPONG	TROMPONG		DUNG	1	ABBREVIATED	0.5	NONE	[127]		
TROMPONG	TROMPONG		DUNG	1	ABBREVIATED	0.25	NONE	[127]		
TROMPONG	TROMPONG		DUNG	1	MUTED	1.0	NONE	[127]		
TROMPONG	TROMPONG		DUNG	1	MUTED	0.5	NONE	[127]		
TROMPONG	TROMPONG		DUNG	1	MUTED	0.25	NONE	[127]		
TROMPONG	TROMPONG		DANG	1	OPEN	1.0	NONE	[127]		
TROMPONG	TROMPONG		DANG	1	OPEN	0.5	NONE	[127]		
TROMPONG	TROMPONG		DANG	1	OPEN	0.25	NONE	[127]		
TROMPONG	TROMPONG		DANG	1	ABBREVIATED	1.0	NONE	[127]		
TROMPONG	TROMPONG		DANG	1	ABBREVIATED	0.5	NONE	[127]		
TROMPONG	TROMPONG		DANG	1	ABBREVIATED	0.25	NONE	[127]		
TROMPONG	TROMPONG		DANG	1	MUTED	1.0	NONE	[127]		
TROMPONG	TROMPONG		DANG	1	MUTED	0.5	NONE	[127]		
TROMPONG	TROMPONG		DANG	1	MUTED	0.25	NONE	[127]		
TROMPONG	TROMPONG		DING	2	OPEN	1.0	NONE	[127]		
TROMPONG	TROMPONG		DING	2	OPEN	0.5	NONE	[127]		
TROMPONG	TROMPONG		DING	2	OPEN	0.25	NONE	[127]		
TROMPONG	TROMPONG		DING	2	ABBREVIATED	1.0	NONE	[127]		
TROMPONG	TROMPONG		DING	2	ABBREVIATED	0.5	NONE	[127]		
TROMPONG	TROMPONG		DING	2	ABBREVIATED	0.25	NONE	[127]		
TROMPONG	TROMPONG		DING	2	MUTED	1.0	NONE	[127]		
TROMPONG	TROMPONG		DING	2	MUTED	0.5	NONE	[127]		
TROMPONG	TROMPONG		DING	2	MUTED	0.25	NONE	[127]		
TROMPONG	TROMPONG		DONG	2	OPEN	1.0	NONE	[127]		
TROMPONG	TROMPONG		DONG	2	OPEN	0.5	NONE	[127]		
TROMPONG	TROMPONG		DONG	2	OPEN	0.25	NONE	[127]		
TROMPONG	TROMPONG		DONG	2	ABBREVIATED	1.0	NONE	[127]		
TROMPONG	TROMPONG		DONG	2	ABBREVIATED	0.5	NONE	[127]		
TROMPONG	TROMPONG		DONG	2	ABBREVIATED	0.25	NONE	[127]		
TROMPONG	TROMPONG		DONG	2	MUTED	1.0	NONE	[127]		
TROMPONG	TROMPONG		DONG	2	MUTED	0.5	NONE	[127]		
TROMPONG	TROMPONG		DONG	2	MUTED	0.25	NONE	[127]		
TROMPONG	TROMPONG		DENG	2	OPEN	1.0	NONE	[127]		
TROMPONG	TROMPONG		DENG	2	OPEN	0.5	NONE	[127]		
TROMPONG	TROMPONG		DENG	2	OPEN	0.25	NONE	[127]		
TROMPONG	TROMPONG		DENG	2	ABBREVIATED	1.0	NONE	[127]		
TROMPONG	TROMPONG		DENG	2	ABBREVIATED	0.5	NONE	[127]		
TROMPONG	TROMPONG		DENG	2	ABBREVIATED	0.25	NONE	[127]		
TROMPONG	TROMPONG		DENG	2	MUTED	1.0	NONE	[127]		
TROMPONG	TROMPONG		DENG	2	MUTED	0.5	NONE	[127]		
TROMPONG	TROMPONG		DENG	2	MUTED	0.25	NONE	[127]		
TROMPONG	TROMPONG		DUNG	2	OPEN	1.0	NONE	[127]		
TROMPONG	TROMPONG		DUNG	2	OPEN	0.5	NONE	[127]		
TROMPONG	TROMPONG		DUNG	2	OPEN	0.25	NONE	[127]		
TROMPONG	TROMPONG		DUNG	2	ABBREVIATED	1.0	NONE	[127]		
TROMPONG	TROMPONG		DUNG	2	ABBREVIATED	0.5	NONE	[127]		
TROMPONG	TROMPONG		DUNG	2	ABBREVIATED	0.25	NONE	[127]		
TROMPONG	TROMPONG		DUNG	2	MUTED	1.0	NONE	[127]		
TROMPONG	TROMPONG		DUNG	2	MUTED	0.5	NONE	[127]		
TROMPONG	TROMPONG		DUNG	2	MUTED	0.25	NONE	[127]		
TROMPONG	TROMPONG		DANG	2	OPEN	1.0	NONE	[127]		
TROMPONG	TROMPONG		DANG	2	OPEN	0.5	NONE	[127]		
TROMPONG	TROMPONG		DANG	2	OPEN	0.25	NONE	[127]		
TROMPONG	TROMPONG		DANG	2	ABBREVIATED	1.0	NONE	[127]		
TROMPONG	TROMPONG		DANG	2	ABBREVIATED	0.5	NONE	[127]		
TROMPONG	TROMPONG		DANG	2	ABBREVIATED	0.25	NONE	[127]		
TROMPONG	TROMPONG		DANG	2	MUTED	1.0	NONE	[127]		
TROMPONG	TROMPONG		DANG	2	MUTED	0.5	NONE	[127]		
TROMPONG	TROMPONG		DANG	2	MUTED	0.25	NONE	[127]		
TROMPONG	TROMPONG		DANG	0	TREMOLO	1.0	NONE	[127]		
TROMPONG	TROMPONG		DANG	0	TREMOLO_ACCELERATING	1.0	NONE	[127]		
TROMPONG	TROMPONG		DANG	0	GRACE_NOTE	1.0	NONE	[127]		
TROMPONG	TROMPONG		DANG	0	NOROT	1.0	NONE	[127]		
TROMPONG	TROMPONG		DING	1	TREMOLO	1.0	NONE	[127]		
TROMPONG	TROMPONG		DING	1	TREMOLO_ACCELERATING	1.0	NONE	[127]		
TROMPONG	TROMPONG		DING	1	GRACE_NOTE	1.0	NONE	[127]		
TROMPONG	TROMPONG		DING	1	NOROT	1.0	NONE	[127]		
TROMPONG	TROMPONG		DONG	1	TREMOLO	1.0	NONE	[127]		
TROMPONG	TROMPONG		DONG	1	TREMOLO_ACCELERATING	1.0	NONE	[127]		
TROMPONG	TROMPONG		DONG	1	GRACE_NOTE	1.0	NONE	[127]		
TROMPONG	TROMPONG		DONG	1	NOROT	1.0	NONE	[127]		
TROMPONG	TROMPONG		DENG	1	TREMOLO	1.0	NONE	[127]		
TROMPONG	TROMPONG		DENG	1	TREMOLO_ACCELERATING	1.0	NONE	[127]		
TROMPONG	TROMPONG		DENG	1	GRACE_NOTE	1.0	NONE	[127]		
TROMPONG	TROMPONG		DENG	1	NOROT	1.0	NONE	[127]		
TROMPONG	TROMPONG		DUNG	1	TREMOLO	1.0	NONE	[127]		
TROMPONG	TROMPONG		DUNG	1	TREMOLO_ACCELERATING	1.0	NONE	[127]		
TROMPONG	TROMPONG		DUNG	1	GRACE_NOTE	1.0	NONE	[127]		
TROMPONG	TROMPONG		DUNG	1	NOROT	1.0	NONE	[127]		
TROMPONG	TROMPONG		DANG	1	TREMOLO	1.0	NONE	[127]		
TROMPONG	TROMPONG		DANG	1	TREMOLO_ACCELERATING	1.0	NONE	[127]		
TROMPONG	TROMPONG		DANG	1	GRACE_NOTE	1.0	NONE	[127]		
TROMPONG	TROMPONG		DANG	1	NOROT	1.0	NONE	[127]		
TROMPONG	TROMPONG		DING	2	TREMOLO	1.0	NONE	[127]		
TROMPONG	TROMPONG		DING	2	TREMOLO_ACCELERATING	1.0	NONE	[127]		
TROMPONG	TROMPONG		DING	2	GRACE_NOTE	1.0	NONE	[127]		
TROMPONG	TROMPONG		DING	2	NOROT	1.0	NONE	[127]		
TROMPONG	TROMPONG		DONG	2	TREMOLO	1.0	NONE	[127]		
TROMPONG	TROMPONG		DONG	2	TREMOLO_ACCELERATING	1.0	NONE	[127]		
TROMPONG	TROMPONG		DONG	2	GRACE_NOTE	1.0	NONE	[127]		
TROMPONG	TROMPONG		DONG	2	NOROT	1.0	NONE	[127]		
TROMPONG	TROMPONG		DENG	2	TREMOLO	1.0	NONE	[127]		
TROMPONG	TROMPONG		DENG	2	TREMOLO_ACCELERATING	1.0	NONE	[127]		
TROMPONG	TROMPONG		DENG	2	GRACE_NOTE	1.0	NONE	[127]		
TROMPONG	TROMPONG		DENG	2	NOROT	1.0	NONE	[127]		
TROMPONG	TROMPONG		DUNG	2	TREMOLO	1.0	NONE	[127]		
TROMPONG	TROMPONG		DUNG	2	TREMOLO_ACCELERATING	1.0	NONE	[127]		
TROMPONG	TROMPONG		DUNG	2	GRACE_NOTE	1.0	NONE	[127]		
TROMPONG	TROMPONG		DUNG	2	NOROT	1.0	NONE	[127]		
TROMPONG	TROMPONG		DANG	2	TREMOLO	1.0	NONE	[127]		
TROMPONG	TROMPONG		DANG	2	TREMOLO_ACCELERATING	1.0	NONE	[127]		
TROMPONG	TROMPONG		DANG	2	GRACE_NOTE	1.0	NONE	[127]		
TROMPONG	TROMPONG		DANG	2	NOROT	1.0	NONE	[127]		
TROMPONG	TROMPONG		NONE	None	EXTENSION	1.0	NONE	[127]		
TROMPONG	TROMPONG		NONE	None	EXTENSION	0.5	NONE	[127]		
TROMPONG	TROMPONG		NONE	None	EXTENSION	0.25	NONE	[127]		
TROMPONG	TROMPONG		NONE	None	SILENCE	1.0	NONE	[127]		
TROMPONG	TROMPONG		NONE	None	SILENCE	0.5	NONE	[127]		
TROMPONG	TROMPONG		NONE	None	SILENCE	0.25	NONE	[127]		
PEMADE	PEMADE_POLOS		DONG	0	OPEN	1.0	NONE	[127]		
PEMADE	PEMADE_POLOS		DONG	0	OPEN	0.5	NONE	[127]		
PEMADE	PEMADE_POLOS		DONG	0	OPEN	0.25	NONE	[127]		
PEMADE	PEMADE_POLOS		DONG	0	ABBREVIATED	1.0	NONE	[127]		
PEMADE	PEMADE_POLOS		DONG	0	ABBREVIATED	0.5	NONE	[127]		
PEMADE	PEMADE_POLOS		DONG	0	ABBREVIATED	0.25	NONE	[127]		
PEMADE	PEMADE_POLOS		DONG	0	MUTED	1.0	NONE	[127]		
PEMADE	PEMADE_POLOS		DONG	0	MUTED	0.5	NONE	[127]		
PEMADE	PEMADE_POLOS		DONG	0	MUTED	0.25	NONE	[127]		
PEMADE	PEMADE_POLOS		DENG	0	OPEN	1.0	NONE	[127]		
PEMADE	PEMADE_POLOS		DENG	0	OPEN	0.5	NONE	[127]		
PEMADE	PEMADE_POLOS		DENG	0	OPEN	0.25	NONE	[127]		
PEMADE	PEMADE_POLOS		DENG	0	ABBREVIATED	1.0	NONE	[127]		
PEMADE	PEMADE_POLOS		DENG	0	ABBREVIATED	0.5	NONE	[127]		
PEMADE	PEMADE_POLOS		DENG	0	ABBREVIATED	0.25	NONE	[127]		
PEMADE	PEMADE_POLOS		DENG	0	MUTED	1.0	NONE	[127]		
PEMADE	PEMADE_POLOS		DENG	0	MUTED	0.5	NONE	[127]		
PEMADE	PEMADE_POLOS		DENG	0	MUTED	0.25	NONE	[127]		
PEMADE	PEMADE_POLOS		DUNG	0	OPEN	1.0	NONE	[127]		
PEMADE	PEMADE_POLOS		DUNG	0	OPEN	0.5	NONE	[127]		
PEMADE	PEMADE_POLOS		DUNG	0	OPEN	0.25	NONE	[127]		
PEMADE	PEMADE_POLOS		DUNG	0	ABBREVIATED	1.0	NONE	[127]		
PEMADE	PEMADE_POLOS		DUNG	0	ABBREVIATED	0.5	NONE	[127]		
PEMADE	PEMADE_POLOS		DUNG	0	ABBREVIATED	0.25	NONE	[127]		
PEMADE	PEMADE_POLOS		DUNG	0	MUTED	1.0	NONE	[127]		
PEMADE	PEMADE_POLOS		DUNG	0	MUTED	0.5	NONE	[127]		
PEMADE	PEMADE_POLOS		DUNG	0	MUTED	0.25	NONE	[127]		
PEMADE	PEMADE_POLOS		DANG	0	OPEN	1.0	NONE	[127]		
PEMADE	PEMADE_POLOS		DANG	0	OPEN	0.5	NONE	[127]		
PEMADE	PEMADE_POLOS		DANG	0	OPEN	0.25	NONE	[127]		
PEMADE	PEMADE_POLOS		DANG	0	ABBREVIATED	1.0	NONE	[127]		
PEMADE	PEMADE_POLOS		DANG	0	ABBREVIATED	0.5	NONE	[127]		
PEMADE	PEMADE_POLOS		DANG	0	ABBREVIATED	0.25	NONE	[127]		
PEMADE	PEMADE_POLOS		DANG	0	MUTED	1.0	NONE	[127]		
PEMADE	PEMADE_POLOS		DANG	0	MUTED	0.5	NONE	[127]		
PEMADE	PEMADE_POLOS		DANG	0	MUTED	0.25	NONE	[127]		
PEMADE	PEMADE_POLOS		DING	1	OPEN	1.0	NONE	[127]		
PEMADE	PEMADE_POLOS		DING	1	OPEN	0.5	NONE	[127]		
PEMADE	PEMADE_POLOS		DING	1	OPEN	0.25	NONE	[127]		
PEMADE	PEMADE_POLOS		DING	1	ABBREVIATED	1.0	NONE	[127]		
PEMADE	PEMADE_POLOS		DING	1	ABBREVIATED	0.5	NONE	[127]		
PEMADE	PEMADE_POLOS		DING	1	ABBREVIATED	0.25	NONE	[127]		
PEMADE	PEMADE_POLOS		DING	1	MUTED	1.0	NONE	[127]		
PEMADE	PEMADE_POLOS		DING	1	MUTED	0.5	NONE	[127]		
PEMADE	PEMADE_POLOS		DING	1	MUTED	0.25	NONE	[127]		
PEMADE	PEMADE_POLOS		DONG	1	OPEN	1.0	NONE	[127]		
PEMADE	PEMADE_POLOS		DONG	1	OPEN	0.5	NONE	[127]		
PEMADE	PEMADE_POLOS		DONG	1	OPEN	0.25	NONE	[127]		
PEMADE	PEMADE_POLOS		DONG	1	ABBREVIATED	1.0	NONE	[127]		
PEMADE	PEMADE_POLOS		DONG	1	ABBREVIATED	0.5	NONE	[127]		
PEMADE	PEMADE_POLOS		DONG	1	ABBREVIATED	0.25	NONE	[127]		
PEMADE	PEMADE_POLOS		DONG	1	MUTED	1.0	NONE	[127]		
PEMADE	PEMADE_POLOS		DONG	1	MUTED	0.5	NONE	[127]		
PEMADE	PEMADE_POLOS		DONG	1	MUTED	0.25	NONE	[127]		
PEMADE	PEMADE_POLOS		DENG	1	OPEN	1.0	NONE	[127]		
PEMADE	PEMADE_POLOS		DENG	1	OPEN	0.5	NONE	[127]		
PEMADE	PEMADE_POLOS		DENG	1	OPEN	0.25	NONE	[127]		
PEMADE	PEMADE_POLOS		DENG	1	ABBREVIATED	1.0	NONE	[127]		
PEMADE	PEMADE_POLOS		DENG	1	ABBREVIATED	0.5	NONE	[127]		
PEMADE	PEMADE_POLOS		DENG	1	ABBREVIATED	0.25	NONE	[127]		
PEMADE	PEMADE_POLOS		DENG	1	MUTED	1.0	NONE	[127]		
PEMADE	PEMADE_POLOS		DENG	1	MUTED	0.5	NONE	[127]		
PEMADE	PEMADE_POLOS		DENG	1	MUTED	0.25	NONE	[127]		
PEMADE	PEMADE_POLOS		DUNG	1	OPEN	1.0	NONE	[127]		
PEMADE	PEMADE_POLOS		DUNG	1	OPEN	0.5	NONE	[127]		
PEMADE	PEMADE_POLOS		DUNG	1	OPEN	0.25	NONE	[127]		
PEMADE	PEMADE_POLOS		DUNG	1	ABBREVIATED	1.0	NONE	[127]		
PEMADE	PEMADE_POLOS		DUNG	1	ABBREVIATED	0.5	NONE	[127]		
PEMADE	PEMADE_POLOS		DUNG	1	ABBREVIATED	0.25	NONE	[127]		
PEMADE	PEMADE_POLOS		DUNG	1	MUTED	1.0	NONE	[127]		
PEMADE	PEMADE_POLOS		DUNG	1	MUTED	0.5	NONE	[127]		
PEMADE	PEMADE_POLOS		DUNG	1	MUTED	0.25	NONE	[127]		
PEMADE	PEMADE_POLOS		DANG	1	OPEN	1.0	NONE	[127]		
PEMADE	PEMADE_POLOS		DANG	1	OPEN	0.5	NONE	[127]		
PEMADE	PEMADE_POLOS		DANG	1	OPEN	0.25	NONE	[127]		
PEMADE	PEMADE_POLOS		DANG	1	ABBREVIATED	1.0	NONE	[127]		
PEMADE	PEMADE_POLOS		DANG	1	ABBREVIATED	0.5	NONE	[127]		
PEMADE	PEMADE_POLOS		DANG	1	ABBREVIATED	0.25	NONE	[127]		
PEMADE	PEMADE_POLOS		DANG	1	MUTED	1.0	NONE	[127]		
PEMADE	PEMADE_POLOS		DANG	1	MUTED	0.5	NONE	[127]		
PEMADE	PEMADE_POLOS		DANG	1	MUTED	0.25	NONE	[127]		
PEMADE	PEMADE_POLOS		DING	2	OPEN	1.0	NONE	[127]		
PEMADE	PEMADE_POLOS		DING	2	OPEN	0.5	NONE	[127]		
PEMADE	PEMADE_POLOS		DING	2	OPEN	0.25	NONE	[127]		
PEMADE	PEMADE_POLOS		DING	2	ABBREVIATED	1.0	NONE	[127]		
PEMADE	PEMADE_POLOS		DING	2	ABBREVIATED	0.5	NONE	[127]		
PEMADE	PEMADE_POLOS		DING	2	ABBREVIATED	0.25	NONE	[127]		
PEMADE	PEMADE_POLOS		DING	2	MUTED	1.0	NONE	[127]		
PEMADE	PEMADE_POLOS		DING	2	MUTED	0.5	NONE	[127]		
PEMADE	PEMADE_POLOS		DING	2	MUTED	0.25	NONE	[127]		
PEMADE	PEMADE_POLOS		DONG	0	TREMOLO	1.0	NONE	[127]		
PEMADE	PEMADE_POLOS		DONG	0	TREMOLO_ACCELERATING	1.0	NONE	[127]		
PEMADE	PEMADE_POLOS		DONG	0	GRACE_NOTE	1.0	NONE	[127]		
PEMADE	PEMADE_POLOS		DONG	0	NOROT	1.0	NONE	[127]		
PEMADE	PEMADE_POLOS		DENG	0	TREMOLO	1.0	NONE	[127]		
PEMADE	PEMADE_POLOS		DENG	0	TREMOLO_ACCELERATING	1.0	NONE	[127]		
PEMADE	PEMADE_POLOS		DENG	0	GRACE_NOTE	1.0	NONE	[127]		
PEMADE	PEMADE_POLOS		DENG	0	NOROT	1.0	NONE	[127]		
PEMADE	PEMADE_POLOS		DUNG	0	TREMOLO	1.0	NONE	[127]		
PEMADE	PEMADE_POLOS		DUNG	0	TREMOLO_ACCELERATING	1.0	NONE	[127]		
PEMADE	PEMADE_POLOS		DUNG	0	GRACE_NOTE	1.0	NONE	[127]		
PEMADE	PEMADE_POLOS		DUNG	0	NOROT	1.0	NONE	[127]		
PEMADE	PEMADE_POLOS		DANG	0	TREMOLO	1.0	NONE	[127]		
PEMADE	PEMADE_POLOS		DANG	0	TREMOLO_ACCELERATING	1.0	NONE	[127]		
PEMADE	PEMADE_POLOS		DANG	0	GRACE_NOTE	1.0	NONE	[127]		
PEMADE	PEMADE_POLOS		DANG	0	NOROT	1.0	NONE	[127]		
PEMADE	PEMADE_POLOS		DING	1	TREMOLO	1.0	NONE	[127]		
PEMADE	PEMADE_POLOS		DING	1	TREMOLO_ACCELERATING	1.0	NONE	[127]		
PEMADE	PEMADE_POLOS		DING	1	GRACE_NOTE	1.0	NONE	[127]		
PEMADE	PEMADE_POLOS		DING	1	NOROT	1.0	NONE	[127]		
PEMADE	PEMADE_POLOS		DONG	1	TREMOLO	1.0	NONE	[127]		
PEMADE	PEMADE_POLOS		DONG	1	TREMOLO_ACCELERATING	1.0	NONE	[127]		
PEMADE	PEMADE_POLOS		DONG	1	GRACE_NOTE	1.0	NONE	[127]		
PEMADE	PEMADE_POLOS		DONG	1	NOROT	1.0	NONE	[127]		
PEMADE	PEMADE_POLOS		DENG	1	TREMOLO	1.0	NONE	[127]		
PEMADE	PEMADE_POLOS		DENG	1	TREMOLO_ACCELERATING	1.0	NONE	[127]		
PEMADE	PEMADE_POLOS		DENG	1	GRACE_NOTE	1.0	NONE	[127]		
PEMADE	PEMADE_POLOS		DENG	1	NOROT	1.0	NONE	[127]		
PEMADE	PEMADE_POLOS		DUNG	1	TREMOLO	1.0	NONE	[127]		
PEMADE	PEMADE_POLOS		DUNG	1	TREMOLO_ACCELERATING	1.0	NONE	[127]		
PEMADE	PEMADE_POLOS		DUNG	1	GRACE_NOTE	1.0	NONE	[127]		
PEMADE	PEMADE_POLOS		DUNG	1	NOROT	1.0	NONE	[127]		
PEMADE	PEMADE_POLOS		DANG	1	TREMOLO	1.0	NONE	[127]		
PEMADE	PEMADE_POLOS		DANG	1	TREMOLO_ACCELERATING	1.0	NONE	[127]		
PEMADE	PEMADE_POLOS		DANG	1	GRACE_NOTE	1.0	NONE	[127]		
PEMADE	PEMADE_POLOS		DANG	1	NOROT	1.0	NONE	[127]		
PEMADE	PEMADE_POLOS		DING	2	TREMOLO	1.0	NONE	[127]		
PEMADE	PEMADE_POLOS		DING	2	TREMOLO_ACCELERATING	1.0	NONE	[127]		
PEMADE	PEMADE_POLOS		DING	2	GRACE_NOTE	1.0	NONE	[127]		
PEMADE	PEMADE_POLOS		DING	2	NOROT	1.0	NONE	[127]		
PEMADE	PEMADE_POLOS		NONE	None	EXTENSION	1.0	NONE	[127]		
PEMADE	PEMADE_POLOS		NONE	None	EXTENSION	0.5	NONE	[127]		
PEMADE	PEMADE_POLOS		NONE	None	EXTENSION	0.25	NONE	[127]		
PEMADE	PEMADE_POLOS		NONE	None	SILENCE	1.0	NONE	[127]		
PEMADE	PEMADE_POLOS		NONE	None	SILENCE	0.5	NONE	[127]		
PEMADE	PEMADE_POLOS		NONE	None	SILENCE	0.25	NONE	[127]		
PEMADE	PEMADE_SANGSIH		DONG	0	OPEN	1.0	NONE	[127]		
PEMADE	PEMADE_SANGSIH		DONG	0	OPEN	0.5	NONE	[127]		
PEMADE	PEMADE_SANGSIH		DONG	0	OPEN	0.25	NONE	[127]		
PEMADE	PEMADE_SANGSIH		DONG	0	ABBREVIATED	1.0	NONE	[127]		
PEMADE	PEMADE_SANGSIH		DONG	0	ABBREVIATED	0.5	NONE	[127]		
PEMADE	PEMADE_SANGSIH		DONG	0	ABBREVIATED	0.25	NONE	[127]		
PEMADE	PEMADE_SANGSIH		DONG	0	MUTED	1.0	NONE	[127]		
PEMADE	PEMADE_SANGSIH		DONG	0	MUTED	0.5	NONE	[127]		
PEMADE	PEMADE_SANGSIH		DONG	0	MUTED	0.25	NONE	[127]		
PEMADE	PEMADE_SANGSIH		DENG	0	OPEN	1.0	NONE	[127]		
PEMADE	PEMADE_SANGSIH		DENG	0	OPEN	0.5	NONE	[127]		
PEMADE	PEMADE_SANGSIH		DENG	0	OPEN	0.25	NONE	[127]		
PEMADE	PEMADE_SANGSIH		DENG	0	ABBREVIATED	1.0	NONE	[127]		
PEMADE	PEMADE_SANGSIH		DENG	0	ABBREVIATED	0.5	NONE	[127]		
PEMADE	PEMADE_SANGSIH		DENG	0	ABBREVIATED	0.25	NONE	[127]		
PEMADE	PEMADE_SANGSIH		DENG	0	MUTED	1.0	NONE	[127]		
PEMADE	PEMADE_SANGSIH		DENG	0	MUTED	0.5	NONE	[127]		
PEMADE	PEMADE_SANGSIH		DENG	0	MUTED	0.25	NONE	[127]		
PEMADE	PEMADE_SANGSIH		DUNG	0	OPEN	1.0	NONE	[127]		
PEMADE	PEMADE_SANGSIH		DUNG	0	OPEN	0.5	NONE	[127]		
PEMADE	PEMADE_SANGSIH		DUNG	0	OPEN	0.25	NONE	[127]		
PEMADE	PEMADE_SANGSIH		DUNG	0	ABBREVIATED	1.0	NONE	[127]		
PEMADE	PEMADE_SANGSIH		DUNG	0	ABBREVIATED	0.5	NONE	[127]		
PEMADE	PEMADE_SANGSIH		DUNG	0	ABBREVIATED	0.25	NONE	[127]		
PEMADE	PEMADE_SANGSIH		DUNG	0	MUTED	1.0	NONE	[127]		
PEMADE	PEMADE_SANGSIH		DUNG	0	MUTED	0.5	NONE	[127]		
PEMADE	PEMADE_SANGSIH		DUNG	0	MUTED	0.25	NONE	[127]		
PEMADE	PEMADE_SANGSIH		DANG	0	OPEN	1.0	NONE	[127]		
PEMADE	PEMADE_SANGSIH		DANG	0	OPEN	0.5	NONE	[127]		
PEMADE	PEMADE_SANGSIH		DANG	0	OPEN	0.25	NONE	[127]		
PEMADE	PEMADE_SANGSIH		DANG	0	ABBREVIATED	1.0	NONE	[127]		
PEMADE	PEMADE_SANGSIH		DANG	0	ABBREVIATED	0.5	NONE	[127]		
PEMADE	PEMADE_SANGSIH		DANG	0	ABBREVIATED	0.25	NONE	[127]		
PEMADE	PEMADE_SANGSIH		DANG	0	MUTED	1.0	NONE	[127]		
PEMADE	PEMADE_SANGSIH		DANG	0	MUTED	0.5	NONE	[127]		
PEMADE	PEMADE_SANGSIH		DANG	0	MUTED	0.25	NONE	[127]		
PEMADE	PEMADE_SANGSIH		DING	1	OPEN	1.0	NONE	[127]		
PEMADE	PEMADE_SANGSIH		DING	1	OPEN	0.5	NONE	[127]		
PEMADE	PEMADE_SANGSIH		DING	1	OPEN	0.25	NONE	[127]		
PEMADE	PEMADE_SANGSIH		DING	1	ABBREVIATED	1.0	NONE	[127]		
PEMADE	PEMADE_SANGSIH		DING	1	ABBREVIATED	0.5	NONE	[127]		
PEMADE	PEMADE_SANGSIH		DING	1	ABBREVIATED	0.25	NONE	[127]		
PEMADE	PEMADE_SANGSIH		DING	1	MUTED	1.0	NONE	[127]		
PEMADE	PEMADE_SANGSIH		DING	1	MUTED	0.5	NONE	[127]		
PEMADE	PEMADE_SANGSIH		DING	1	MUTED	0.25	NONE	[127]		
PEMADE	PEMADE_SANGSIH		DONG	1	OPEN	1.0	NONE	[127]		
PEMADE	PEMADE_SANGSIH		DONG	1	OPEN	0.5	NONE	[127]		
PEMADE	PEMADE_SANGSIH		DONG	1	OPEN	0.25	NONE	[127]		
PEMADE	PEMADE_SANGSIH		DONG	1	ABBREVIATED	1.0	NONE	[127]		
PEMADE	PEMADE_SANGSIH		DONG	1	ABBREVIATED	0.5	NONE	[127]		
PEMADE	PEMADE_SANGSIH		DONG	1	ABBREVIATED	0.25	NONE	[127]		
PEMADE	PEMADE_SANGSIH		DONG	1	MUTED	1.0	NONE	[127]		
PEMADE	PEMADE_SANGSIH		DONG	1	MUTED	0.5	NONE	[127]		
PEMADE	PEMADE_SANGSIH		DONG	1	MUTED	0.25	NONE	[127]		
PEMADE	PEMADE_SANGSIH		DENG	1	OPEN	1.0	NONE	[127]		
PEMADE	PEMADE_SANGSIH		DENG	1	OPEN	0.5	NONE	[127]		
PEMADE	PEMADE_SANGSIH		DENG	1	OPEN	0.25	NONE	[127]		
PEMADE	PEMADE_SANGSIH		DENG	1	ABBREVIATED	1.0	NONE	[127]		
PEMADE	PEMADE_SANGSIH		DENG	1	ABBREVIATED	0.5	NONE	[127]		
PEMADE	PEMADE_SANGSIH		DENG	1	ABBREVIATED	0.25	NONE	[127]		
PEMADE	PEMADE_SANGSIH		DENG	1	MUTED	1.0	NONE	[127]		
PEMADE	PEMADE_SANGSIH		DENG	1	MUTED	0.5	NONE	[127]		
PEMADE	PEMADE_SANGSIH		DENG	1	MUTED	0.25	NONE	[127]		
PEMADE	PEMADE_SANGSIH		DUNG	1	OPEN	1.0	NONE	[127]		
PEMADE	PEMADE_SANGSIH		DUNG	1	OPEN	0.5	NONE	[127]		
PEMADE	PEMADE_SANGSIH		DUNG	1	OPEN	0.25	NONE	[127]		
PEMADE	PEMADE_SANGSIH		DUNG	1	ABBREVIATED	1.0	NONE	[127]		
PEMADE	PEMADE_SANGSIH		DUNG	1	ABBREVIATED	0.5	NONE	[127]		
PEMADE	PEMADE_SANGSIH		DUNG	1	ABBREVIATED	0.25	NONE	[127]		
PEMADE	PEMADE_SANGSIH		DUNG	1	MUTED	1.0	NONE	[127]		
PEMADE	PEMADE_SANGSIH		DUNG	1	MUTED	0.5	NONE	[127]		
PEMADE	PEMADE_SANGSIH		DUNG	1	MUTED	0.25	NONE	[127]		
PEMADE	PEMADE_SANGSIH		DANG	1	OPEN	1.0	NONE	[127]		
PEMADE	PEMADE_SANGSIH		DANG	1	OPEN	0.5	NONE	[127]		
PEMADE	PEMADE_SANGSIH		DANG	1	OPEN	0.25	NONE	[127]		
PEMADE	PEMADE_SANGSIH		DANG	1	ABBREVIATED	1.0	NONE	[127]		
PEMADE	PEMADE_SANGSIH		DANG	1	ABBREVIATED	0.5	NONE	[127]		
PEMADE	PEMADE_SANGSIH		DANG	1	ABBREVIATED	0.25	NONE	[127]		
PEMADE	PEMADE_SANGSIH		DANG	1	MUTED	1.0	NONE	[127]		
PEMADE	PEMADE_SANGSIH		DANG	1	MUTED	0.5	NONE	[127]		
PEMADE	PEMADE_SANGSIH		DANG	1	MUTED	0.25	NONE	[127]		
PEMADE	PEMADE_SANGSIH		DING	2	OPEN	1.0	NONE	[127]		
PEMADE	PEMADE_SANGSIH		DING	2	OPEN	0.5	NONE	[127]		
PEMADE	PEMADE_SANGSIH		DING	2	OPEN	0.25	NONE	[127]		
PEMADE	PEMADE_SANGSIH		DING	2	ABBREVIATED	1.0	NONE	[127]		
PEMADE	PEMADE_SANGSIH		DING	2	ABBREVIATED	0.5	NONE	[127]		
PEMADE	PEMADE_SANGSIH		DING	2	ABBREVIATED	0.25	NONE	[127]		
PEMADE	PEMADE_SANGSIH		DING	2	MUTED	1.0	NONE	[127]		
PEMADE	PEMADE_SANGSIH		DING	2	MUTED	0.5	NONE	[127]		
PEMADE	PEMADE_SANGSIH		DING	2	MUTED	0.25	NONE	[127]		
PEMADE	PEMADE_SANGSIH		DONG	0	TREMOLO	1.0	NONE	[127]		
PEMADE	PEMADE_SANGSIH		DONG	0	TREMOLO_ACCELERATING	1.0	NONE	[127]		
PEMADE	PEMADE_SANGSIH		DONG	0	GRACE_NOTE	1.0	NONE	[127]		
PEMADE	PEMADE_SANGSIH		DONG	0	NOROT	1.0	NONE	[127]		
PEMADE	PEMADE_SANGSIH		DENG	0	TREMOLO	1.0	NONE	[127]		
PEMADE	PEMADE_SANGSIH		DENG	0	TREMOLO_ACCELERATING	1.0	NONE	[127]		
PEMADE	PEMADE_SANGSIH		DENG	0	GRACE_NOTE	1.0	NONE	[127]		
PEMADE	PEMADE_SANGSIH		DENG	0	NOROT	1.0	NONE	[127]		
PEMADE	PEMADE_SANGSIH		DUNG	0	TREMOLO	1.0	NONE	[127]		
PEMADE	PEMADE_SANGSIH		DUNG	0	TREMOLO_ACCELERATING	1.0	NONE	[127]		
PEMADE	PEMADE_SANGSIH		DUNG	0	GRACE_NOTE	1.0	NONE	[127]		
PEMADE	PEMADE_SANGSIH		DUNG	0	NOROT	1.0	NONE	[127]		
PEMADE	PEMADE_SANGSIH		DANG	0	TREMOLO	1.0	NONE	[127]		
PEMADE	PEMADE_SANGSIH		DANG	0	TREMOLO_ACCELERATING	1.0	NONE	[127]		
PEMADE	PEMADE_SANGSIH		DANG	0	GRACE_NOTE	1.0	NONE	[127]		
PEMADE	PEMADE_SANGSIH		DANG	0	NOROT	1.0	NONE	[127]		
PEMADE	PEMADE_SANGSIH		DING	1	TREMOLO	1.0	NONE	[127]		
PEMADE	PEMADE_SANGSIH		DING	1	TREMOLO_ACCELERATING	1.0	NONE	[127]		
PEMADE	PEMADE_SANGSIH		DING	1	GRACE_NOTE	1.0	NONE	[127]		
PEMADE	PEMADE_SANGSIH		DING	1	NOROT	1.0	NONE	[127]		
PEMADE	PEMADE_SANGSIH		DONG	1	TREMOLO	1.0	NONE	[127]		
PEMADE	PEMADE_SANGSIH		DONG	1	TREMOLO_ACCELERATING	1.0	NONE	[127]		
PEMADE	PEMADE_SANGSIH		DONG	1	GRACE_NOTE	1.0	NONE	[127]		
PEMADE	PEMADE_SANGSIH		DONG	1	NOROT	1.0	NONE	[127]		
PEMADE	PEMADE_SANGSIH		DENG	1	TREMOLO	1.0	NONE	[127]		
PEMADE	PEMADE_SANGSIH		DENG	1	TREMOLO_ACCELERATING	1.0	NONE	[127]		
PEMADE	PEMADE_SANGSIH		DENG	1	GRACE_NOTE	1.0	NONE	[127]		
PEMADE	PEMADE_SANGSIH		DENG	1	NOROT	1.0	NONE	[127]		
PEMADE	PEMADE_SANGSIH		DUNG	1	TREMOLO	1.0	NONE	[127]		
PEMADE	PEMADE_SANGSIH		DUNG	1	TREMOLO_ACCELERATING	1.0	NONE	[127]		
PEMADE	PEMADE_SANGSIH		DUNG	1	GRACE_NOTE	1.0	NONE	[127]		
PEMADE	PEMADE_SANGSIH		DUNG	1	NOROT	1.0	NONE	[127]		
PEMADE	PEMADE_SANGSIH		DANG	1	TREMOLO	1.0	NONE	[127]		
PEMADE	PEMADE_SANGSIH		DANG	1	TREMOLO_ACCELERATING	1.0	NONE	[127]		
PEMADE	PEMADE_SANGSIH		DANG	1	GRACE_NOTE	1.0	NONE	[127]		
PEMADE	PEMADE_SANGSIH		DANG	1	NOROT	1.0	NONE	[127]		
PEMADE	PEMADE_SANGSIH		DING	2	TREMOLO	1.0	NONE	[127]		
PEMADE	PEMADE_SANGSIH		DING	2	TREMOLO_ACCELERATING	1.0	NONE	[127]		
PEMADE	PEMADE_SANGSIH		DING	2	GRACE_NOTE	1.0	NONE	[127]		
PEMADE	PEMADE_SANGSIH		DING	2	NOROT	1.0	NONE	[127]		
PEMADE	PEMADE_SANGSIH		NONE	None	EXTENSION	1.0	NONE	[127]		
PEMADE	PEMADE_SANGSIH		NONE	None	EXTENSION	0.5	NONE	[127]		
PEMADE	PEMADE_SANGSIH		NONE	None	EXTENSION	0.25	NONE	[127]		
PEMADE	PEMADE_SANGSIH		NONE	None	SILENCE	1.0	NONE	[127]		
PEMADE	PEMADE_SANGSIH		NONE	None	SILENCE	0.5	NONE	[127]		
PEMADE	PEMADE_SANGSIH		NONE	None	SILENCE	0.25	NONE	[127]		
KANTILAN	KANTILAN_POLOS		DONG	0	OPEN	1.0	NONE	[127]		
KANTILAN	KANTILAN_POLOS		DONG	0	OPEN	0.5	NONE	[127]		
KANTILAN	KANTILAN_POLOS		DONG	0	OPEN	0.25	NONE	[127]		
KANTILAN	KANTILAN_POLOS		DONG	0	ABBREVIATED	1.0	NONE	[127]		
KANTILAN	KANTILAN_POLOS		DONG	0	ABBREVIATED	0.5	NONE	[127]		
KANTILAN	KANTILAN_POLOS		DONG	0	ABBREVIATED	0.25	NONE	[127]		
KANTILAN	KANTILAN_POLOS		DONG	0	MUTED	1.0	NONE	[127]		
KANTILAN	KANTILAN_POLOS		DONG	0	MUTED	0.5	NONE	[127]		
KANTILAN	KANTILAN_POLOS		DONG	0	MUTED	0.25	NONE	[127]		
KANTILAN	KANTILAN_POLOS		DENG	0	OPEN	1.0	NONE	[127]		
KANTILAN	KANTILAN_POLOS		DENG	0	OPEN	0.5	NONE	[127]		
KANTILAN	KANTILAN_POLOS		DENG	0	OPEN	0.25	NONE	[127]		
KANTILAN	KANTILAN_POLOS		DENG	0	ABBREVIATED	1.0	NONE	[127]		
KANTILAN	KANTILAN_POLOS		DENG	0	ABBREVIATED	0.5	NONE	[127]		
KANTILAN	KANTILAN_POLOS		DENG	0	ABBREVIATED	0.25	NONE	[127]		
KANTILAN	KANTILAN_POLOS		DENG	0	MUTED	1.0	NONE	[127]		
KANTILAN	KANTILAN_POLOS		DENG	0	MUTED	0.5	NONE	[127]		
KANTILAN	KANTILAN_POLOS		DENG	0	MUTED	0.25	NONE	[127]		
KANTILAN	KANTILAN_POLOS		DUNG	0	OPEN	1.0	NONE	[127]		
KANTILAN	KANTILAN_POLOS		DUNG	0	OPEN	0.5	NONE	[127]		
KANTILAN	KANTILAN_POLOS		DUNG	0	OPEN	0.25	NONE	[127]		
KANTILAN	KANTILAN_POLOS		DUNG	0	ABBREVIATED	1.0	NONE	[127]		
KANTILAN	KANTILAN_POLOS		DUNG	0	ABBREVIATED	0.5	NONE	[127]		
KANTILAN	KANTILAN_POLOS		DUNG	0	ABBREVIATED	0.25	NONE	[127]		
KANTILAN	KANTILAN_POLOS		DUNG	0	MUTED	1.0	NONE	[127]		
KANTILAN	KANTILAN_POLOS		DUNG	0	MUTED	0.5	NONE	[127]		
KANTILAN	KANTILAN_POLOS		DUNG	0	MUTED	0.25	NONE	[127]		
KANTILAN	KANTILAN_POLOS		DANG	0	OPEN	1.0	NONE	[127]		
KANTILAN	KANTILAN_POLOS		DANG	0	OPEN	0.5	NONE	[127]		
KANTILAN	KANTILAN_POLOS		DANG	0	OPEN	0.25	NONE	[127]		
KANTILAN	KANTILAN_POLOS		DANG	0	ABBREVIATED	1.0	NONE	[127]		
KANTILAN	KANTILAN_POLOS		DANG	0	ABBREVIATED	0.5	NONE	[127]		
KANTILAN	KANTILAN_POLOS		DANG	0	ABBREVIATED	0.25	NONE	[127]		
KANTILAN	KANTILAN_POLOS		DANG	0	MUTED	1.0	NONE	[127]		
KANTILAN	KANTILAN_POLOS		DANG	0	MUTED	0.5	NONE	[127]		
KANTILAN	KANTILAN_POLOS		DANG	0	MUTED	0.25	NONE	[127]		
KANTILAN	KANTILAN_POLOS		DING	1	OPEN	1.0	NONE	[127]		
KANTILAN	KANTILAN_POLOS		DING	1	OPEN	0.5	NONE	[127]		
KANTILAN	KANTILAN_POLOS		DING	1	OPEN	0.25	NONE	[127]		
KANTILAN	KANTILAN_POLOS		DING	1	ABBREVIATED	1.0	NONE	[127]		
KANTILAN	KANTILAN_POLOS		DING	1	ABBREVIATED	0.5	NONE	[127]		
KANTILAN	KANTILAN_POLOS		DING	1	ABBREVIATED	0.25	NONE	[127]		
KANTILAN	KANTILAN_POLOS		DING	1	MUTED	1.0	NONE	[127]		
KANTILAN	KANTILAN_POLOS		DING	1	MUTED	0.5	NONE	[127]		
KANTILAN	KANTILAN_POLOS		DING	1	MUTED	0.25	NONE	[127]		
KANTILAN	KANTILAN_POLOS		DONG	1	OPEN	1.0	NONE	[127]		
KANTILAN	KANTILAN_POLOS		DONG	1	OPEN	0.5	NONE	[127]		
KANTILAN	KANTILAN_POLOS		DONG	1	OPEN	0.25	NONE	[127]		
KANTILAN	KANTILAN_POLOS		DONG	1	ABBREVIATED	1.0	NONE	[127]		
KANTILAN	KANTILAN_POLOS		DONG	1	ABBREVIATED	0.5	NONE	[127]		
KANTILAN	KANTILAN_POLOS		DONG	1	ABBREVIATED	0.25	NONE	[127]		
KANTILAN	KANTILAN_POLOS		DONG	1	MUTED	1.0	NONE	[127]		
KANTILAN	KANTILAN_POLOS		DONG	1	MUTED	0.5	NONE	[127]		
KANTILAN	KANTILAN_POLOS		DONG	1	MUTED	0.25	NONE	[127]		
KANTILAN	KANTILAN_POLOS		DENG	1	OPEN	1.0	NONE	[127]		
KANTILAN	KANTILAN_POLOS		DENG	1	OPEN	0.5	NONE	[127]		
KANTILAN	KANTILAN_POLOS		DENG	1	OPEN	0.25	NONE	[127]		
KANTILAN	KANTILAN_POLOS		DENG	1	ABBREVIATED	1.0	NONE	[127]		
KANTILAN	KANTILAN_POLOS		DENG	1	ABBREVIATED	0.5	NONE	[127]		
KANTILAN	KANTILAN_POLOS		DENG	1	ABBREVIATED	0.25	NONE	[127]		
KANTILAN	KANTILAN_POLOS		DENG	1	MUTED	1.0	NONE	[127]		
KANTILAN	KANTILAN_POLOS		DENG	1	MUTED	0.5	NONE	[127]		
KANTILAN	KANTILAN_POLOS		DENG	1	MUTED	0.25	NONE	[127]		
KANTILAN	KANTILAN_POLOS		DUNG	1	OPEN	1.0	NONE	[127]		
KANTILAN	KANTILAN_POLOS		DUNG	1	OPEN	0.5	NONE	[127]		
KANTILAN	KANTILAN_POLOS		DUNG	1	OPEN	0.25	NONE	[127]		
KANTILAN	KANTILAN_POLOS		DUNG	1	ABBREVIATED	1.0	NONE	[127]		
KANTILAN	KANTILAN_POLOS		DUNG	1	ABBREVIATED	0.5	NONE	[127]		
KANTILAN	KANTILAN_POLOS		DUNG	1	ABBREVIATED	0.25	NONE	[127]		
KANTILAN	KANTILAN_POLOS		DUNG	1	MUTED	1.0	NONE	[127]		
KANTILAN	KANTILAN_POLOS		DUNG	1	MUTED	0.5	NONE	[127]		
KANTILAN	KANTILAN_POLOS		DUNG	1	MUTED	0.25	NONE	[127]		
KANTILAN	KANTILAN_POLOS		DANG	1	OPEN	1.0	NONE	[127]		
KANTILAN	KANTILAN_POLOS		DANG	1	OPEN	0.5	NONE	[127]		
KANTILAN	KANTILAN_POLOS		DANG	1	OPEN	0.25	NONE	[127]		
KANTILAN	KANTILAN_POLOS		DANG	1	ABBREVIATED	1.0	NONE	[127]		
KANTILAN	KANTILAN_POLOS		DANG	1	ABBREVIATED	0.5	NONE	[127]		
KANTILAN	KANTILAN_POLOS		DANG	1	ABBREVIATED	0.25	NONE	[127]		
KANTILAN	KANTILAN_POLOS		DANG	1	MUTED	1.0	NONE	[127]		
KANTILAN	KANTILAN_POLOS		DANG	1	MUTED	0.5	NONE	[127]		
KANTILAN	KANTILAN_POLOS		DANG	1	MUTED	0.25	NONE	[127]		
KANTILAN	KANTILAN_POLOS		DING	2	OPEN	1.0	NONE	[127]		
KANTILAN	KANTILAN_POLOS		DING	2	OPEN	0.5	NONE	[127]		
KANTILAN	KANTILAN_POLOS		DING	2	OPEN	0.25	NONE	[127]		
KANTILAN	KANTILAN_POLOS		DING	2	ABBREVIATED	1.0	NONE	[127]		
KANTILAN	KANTILAN_POLOS		DING	2	ABBREVIATED	0.5	NONE	[127]		
KANTILAN	KANTILAN_POLOS		DING	2	ABBREVIATED	0.25	NONE	[127]		
KANTILAN	KANTILAN_POLOS		DING	2	MUTED	1.0	NONE	[127]		
KANTILAN	KANTILAN_POLOS		DING	2	MUTED	0.5	NONE	[127]		
KANTILAN	KANTILAN_POLOS		DING	2	MUTED	0.25	NONE	[127]		
KANTILAN	KANTILAN_POLOS		DONG	0	TREMOLO	1.0	NONE	[127]		
KANTILAN	KANTILAN_POLOS		DONG	0	TREMOLO_ACCELERATING	1.0	NONE	[127]		
KANTILAN	KANTILAN_POLOS		DONG	0	GRACE_NOTE	1.0	NONE	[127]		
KANTILAN	KANTILAN_POLOS		DONG	0	NOROT	1.0	NONE	[127]		
KANTILAN	KANTILAN_POLOS		DENG	0	TREMOLO	1.0	NONE	[127]		
KANTILAN	KANTILAN_POLOS		DENG	0	TREMOLO_ACCELERATING	1.0	NONE	[127]		
KANTILAN	KANTILAN_POLOS		DENG	0	GRACE_NOTE	1.0	NONE	[127]		
KANTILAN	KANTILAN_POLOS		DENG	0	NOROT	1.0	NONE	[127]		
KANTILAN	KANTILAN_POLOS		DUNG	0	TREMOLO	1.0	NONE	[127]		
KANTILAN	KANTILAN_POLOS		DUNG	0	TREMOLO_ACCELERATING	1.0	NONE	[127]		
KANTILAN	KANTILAN_POLOS		DUNG	0	GRACE_NOTE	1.0	NONE	[127]		
KANTILAN	KANTILAN_POLOS		DUNG	0	NOROT	1.0	NONE	[127]		
KANTILAN	KANTILAN_POLOS		DANG	0	TREMOLO	1.0	NONE	[127]		
KANTILAN	KANTILAN_POLOS		DANG	0	TREMOLO_ACCELERATING	1.0	NONE	[127]		
KANTILAN	KANTILAN_POLOS		DANG	0	GRACE_NOTE	1.0	NONE	[127]		
KANTILAN	KANTILAN_POLOS		DANG	0	NOROT	1.0	NONE	[127]		
KANTILAN	KANTILAN_POLOS		DING	1	TREMOLO	1.0	NONE	[127]		
KANTILAN	KANTILAN_POLOS		DING	1	TREMOLO_ACCELERATING	1.0	NONE	[127]		
KANTILAN	KANTILAN_POLOS		DING	1	GRACE_NOTE	1.0	NONE	[127]		
KANTILAN	KANTILAN_POLOS		DING	1	NOROT	1.0	NONE	[127]		
KANTILAN	KANTILAN_POLOS		DONG	1	TREMOLO	1.0	NONE	[127]		
KANTILAN	KANTILAN_POLOS		DONG	1	TREMOLO_ACCELERATING	1.0	NONE	[127]		
KANTILAN	KANTILAN_POLOS		DONG	1	GRACE_NOTE	1.0	NONE	[127]		
KANTILAN	KANTILAN_POLOS		DONG	1	NOROT	1.0	NONE	[127]		
KANTILAN	KANTILAN_POLOS		DENG	1	TREMOLO	1.0	NONE	[127]		
KANTILAN	KANTILAN_POLOS		DENG	1	TREMOLO_ACCELERATING	1.0	NONE	[127]		
KANTILAN	KANTILAN_POLOS		DENG	1	GRACE_NOTE	1.0	NONE	[127]		
KANTILAN	KANTILAN_POLOS		DENG	1	NOROT	1.0	NONE	[127]		
KANTILAN	KANTILAN_POLOS		DUNG	1	TREMOLO	1.0	NONE	[127]		
KANTILAN	KANTILAN_POLOS		DUNG	1	TREMOLO_ACCELERATING	1.0	NONE	[127]		
KANTILAN	KANTILAN_POLOS		DUNG	1	GRACE_NOTE	1.0	NONE	[127]		
KANTILAN	KANTILAN_POLOS		DUNG	1	NOROT	1.0	NONE	[127]		
KANTILAN	KANTILAN_POLOS		DANG	1	TREMOLO	1.0	NONE	[127]		
KANTILAN	KANTILAN_POLOS		DANG	1	TREMOLO_ACCELERATING	1.0	NONE	[127]		
KANTILAN	KANTILAN_POLOS		DANG	1	GRACE_NOTE	1.0	NONE	[127]		
KANTILAN	KANTILAN_POLOS		DANG	1	NOROT	1.0	NONE	[127]		
KANTILAN	KANTILAN_POLOS		DING	2	TREMOLO	1.0	NONE	[127]		
KANTILAN	KANTILAN_POLOS		DING	2	TREMOLO_ACCELERATING	1.0	NONE	[127]		
KANTILAN	KANTILAN_POLOS		DING	2	GRACE_NOTE	1.0	NONE	[127]		
KANTILAN	KANTILAN_POLOS		DING	2	NOROT	1.0	NONE	[127]		
KANTILAN	KANTILAN_POLOS		NONE	None	EXTENSION	1.0	NONE	[127]		
KANTILAN	KANTILAN_POLOS		NONE	None	EXTENSION	0.5	NONE	[127]		
KANTILAN	KANTILAN_POLOS		NONE	None	EXTENSION	0.25	NONE	[127]		
KANTILAN	KANTILAN_POLOS		NONE	None	SILENCE	1.0	NONE	[127]		
KANTILAN	KANTILAN_POLOS		NONE	None	SILENCE	0.5	NONE	[127]		
KANTILAN	KANTILAN_POLOS		NONE	None	SILENCE	0.25	NONE	[127]		
KANTILAN	KANTILAN_SANGSIH		DONG	0	OPEN	1.0	NONE	[127]		
KANTILAN	KANTILAN_SANGSIH		DONG	0	OPEN	0.5	NONE	[127]		
KANTILAN	KANTILAN_SANGSIH		DONG	0	OPEN	0.25	NONE	[127]		
KANTILAN	KANTILAN_SANGSIH		DONG	0	ABBREVIATED	1.0	NONE	[127]		
KANTILAN	KANTILAN_SANGSIH		DONG	0	ABBREVIATED	0.5	NONE	[127]		
KANTILAN	KANTILAN_SANGSIH		DONG	0	ABBREVIATED	0.25	NONE	[127]		
KANTILAN	KANTILAN_SANGSIH		DONG	0	MUTED	1.0	NONE	[127]		
KANTILAN	KANTILAN_SANGSIH		DONG	0	MUTED	0.5	NONE	[127]		
KANTILAN	KANTILAN_SANGSIH		DONG	0	MUTED	0.25	NONE	[127]		
KANTILAN	KANTILAN_SANGSIH		DENG	0	OPEN	1.0	NONE	[127]		
KANTILAN	KANTILAN_SANGSIH		DENG	0	OPEN	0.5	NONE	[127]		
KANTILAN	KANTILAN_SANGSIH		DENG	0	OPEN	0.25	NONE	[127]		
KANTILAN	KANTILAN_SANGSIH		DENG	0	ABBREVIATED	1.0	NONE	[127]		
KANTILAN	KANTILAN_SANGSIH		DENG	0	ABBREVIATED	0.5	NONE	[127]		
KANTILAN	KANTILAN_SANGSIH		DENG	0	ABBREVIATED	0.25	NONE	[127]		
KANTILAN	KANTILAN_SANGSIH		DENG	0	MUTED	1.0	NONE	[127]		
KANTILAN	KANTILAN_SANGSIH		DENG	0	MUTED	0.5	NONE	[127]		
KANTILAN	KANTILAN_SANGSIH		DENG	0	MUTED	0.25	NONE	[127]		
KANTILAN	KANTILAN_SANGSIH		DUNG	0	OPEN	1.0	NONE	[127]		
KANTILAN	KANTILAN_SANGSIH		DUNG	0	OPEN	0.5	NONE	[127]		
KANTILAN	KANTILAN_SANGSIH		DUNG	0	OPEN	0.25	NONE	[127]		
KANTILAN	KANTILAN_SANGSIH		DUNG	0	ABBREVIATED	1.0	NONE	[127]		
KANTILAN	KANTILAN_SANGSIH		DUNG	0	ABBREVIATED	0.5	NONE	[127]		
KANTILAN	KANTILAN_SANGSIH		DUNG	0	ABBREVIATED	0.25	NONE	[127]		
KANTILAN	KANTILAN_SANGSIH		DUNG	0	MUTED	1.0	NONE	[127]		
KANTILAN	KANTILAN_SANGSIH		DUNG	0	MUTED	0.5	NONE	[127]		
KANTILAN	KANTILAN_SANGSIH		DUNG	0	MUTED	0.25	NONE	[127]		
KANTILAN	KANTILAN_SANGSIH		DANG	0	OPEN	1.0	NONE	[127]		
KANTILAN	KANTILAN_SANGSIH		DANG	0	OPEN	0.5	NONE	[127]		
KANTILAN	KANTILAN_SANGSIH		DANG	0	OPEN	0.25	NONE	[127]		
KANTILAN	KANTILAN_SANGSIH		DANG	0	ABBREVIATED	1.0	NONE	[127]		
KANTILAN	KANTILAN_SANGSIH		DANG	0	ABBREVIATED	0.5	NONE	[127]		
KANTILAN	KANTILAN_SANGSIH		DANG	0	ABBREVIATED	0.25	NONE	[127]		
KANTILAN	KANTILAN_SANGSIH		DANG	0	MUTED	1.0	NONE	[127]		
KANTILAN	KANTILAN_SANGSIH		DANG	0	MUTED	0.5	NONE	[127]		
KANTILAN	KANTILAN_SANGSIH		DANG	0	MUTED	0.25	NONE	[127]		
KANTILAN	KANTILAN_SANGSIH		DING	1	OPEN	1.0	NONE	[127]		
KANTILAN	KANTILAN_SANGSIH		DING	1	OPEN	0.5	NONE	[127]		
KANTILAN	KANTILAN_SANGSIH		DING	1	OPEN	0.25	NONE	[127]		
KANTILAN	KANTILAN_SANGSIH		DING	1	ABBREVIATED	1.0	NONE	[127]		
KANTILAN	KANTILAN_SANGSIH		DING	1	ABBREVIATED	0.5	NONE	[127]		
KANTILAN	KANTILAN_SANGSIH		DING	1	ABBREVIATED	0.25	NONE	[127]		
KANTILAN	KANTILAN_SANGSIH		DING	1	MUTED	1.0	NONE	[127]		
KANTILAN	KANTILAN_SANGSIH		DING	1	MUTED	0.5	NONE	[127]		
KANTILAN	KANTILAN_SANGSIH		DING	1	MUTED	0.25	NONE	[127]		
KANTILAN	KANTILAN_SANGSIH		DONG	1	OPEN	1.0	NONE	[127]		
KANTILAN	KANTILAN_SANGSIH		DONG	1	OPEN	0.5	NONE	[127]		
KANTILAN	KANTILAN_SANGSIH		DONG	1	OPEN	0.25	NONE	[127]		
KANTILAN	KANTILAN_SANGSIH		DONG	1	ABBREVIATED	1.0	NONE	[127]		
KANTILAN	KANTILAN_SANGSIH		DONG	1	ABBREVIATED	0.5	NONE	[127]		
KANTILAN	KANTILAN_SANGSIH		DONG	1	ABBREVIATED	0.25	NONE	[127]		
KANTILAN	KANTILAN_SANGSIH		DONG	1	MUTED	1.0	NONE	[127]		
KANTILAN	KANTILAN_SANGSIH		DONG	1	MUTED	0.5	NONE	[127]		
KANTILAN	KANTILAN_SANGSIH		DONG	1	MUTED	0.25	NONE	[127]		
KANTILAN	KANTILAN_SANGSIH		DENG	1	OPEN	1.0	NONE	[127]		
KANTILAN	KANTILAN_SANGSIH		DENG	1	OPEN	0.5	NONE	[127]		
KANTILAN	KANTILAN_SANGSIH		DENG	1	OPEN	0.25	NONE	[127]		
KANTILAN	KANTILAN_SANGSIH		DENG	1	ABBREVIATED	1.0	NONE	[127]		
KANTILAN	KANTILAN_SANGSIH		DENG	1	ABBREVIATED	0.5	NONE	[127]		
KANTILAN	KANTILAN_SANGSIH		DENG	1	ABBREVIATED	0.25	NONE	[127]		
KANTILAN	KANTILAN_SANGSIH		DENG	1	MUTED	1.0	NONE	[127]		
KANTILAN	KANTILAN_SANGSIH		DENG	1	MUTED	0.5	NONE	[127]		
KANTILAN	KANTILAN_SANGSIH		DENG	1	MUTED	0.25	NONE	[127]		
KANTILAN	KANTILAN_SANGSIH		DUNG	1	OPEN	1.0	NONE	[127]		
KANTILAN	KANTILAN_SANGSIH		DUNG	1	OPEN	0.5	NONE	[127]		
KANTILAN	KANTILAN_SANGSIH		DUNG	1	OPEN	0.25	NONE	[127]		
KANTILAN	KANTILAN_SANGSIH		DUNG	1	ABBREVIATED	1.0	NONE	[127]		
KANTILAN	KANTILAN_SANGSIH		DUNG	1	ABBREVIATED	0.5	NONE	[127]		
KANTILAN	KANTILAN_SANGSIH		DUNG	1	ABBREVIATED	0.25	NONE	[127]		
KANTILAN	KANTILAN_SANGSIH		DUNG	1	MUTED	1.0	NONE	[127]		
KANTILAN	KANTILAN_SANGSIH		DUNG	1	MUTED	0.5	NONE	[127]		
KANTILAN	KANTILAN_SANGSIH		DUNG	1	MUTED	0.25	NONE	[127]		
KANTILAN	KANTILAN_SANGSIH		DANG	1	OPEN	1.0	NONE	[127]		
KANTILAN	KANTILAN_SANGSIH		DANG	1	OPEN	0.5	NONE	[127]		
KANTILAN	KANTILAN_SANGSIH		DANG	1	OPEN	0.25	NONE	[127]		
KANTILAN	KANTILAN_SANGSIH		DANG	1	ABBREVIATED	1.0	NONE	[127]		
KANTILAN	KANTILAN_SANGSIH		DANG	1	ABBREVIATED	0.5	NONE	[127]		
KANTILAN	KANTILAN_SANGSIH		DANG	1	ABBREVIATED	0.25	NONE	[127]		
KANTILAN	KANTILAN_SANGSIH		DANG	1	MUTED	1.0	NONE	[127]		
KANTILAN	KANTILAN_SANGSIH		DANG	1	MUTED	0.5	NONE	[127]		
KANTILAN	KANTILAN_SANGSIH		DANG	1	MUTED	0.25	NONE	[127]		
KANTILAN	KANTILAN_SANGSIH		DING	2	OPEN	1.0	NONE	[127]		
KANTILAN	KANTILAN_SANGSIH		DING	2	OPEN	0.5	NONE	[127]		
KANTILAN	KANTILAN_SANGSIH		DING	2	OPEN	0.25	NONE	[127]		
KANTILAN	KANTILAN_SANGSIH		DING	2	ABBREVIATED	1.0	NONE	[127]		
KANTILAN	KANTILAN_SANGSIH		DING	2	ABBREVIATED	0.5	NONE	[127]		
KANTILAN	KANTILAN_SANGSIH		DING	2	ABBREVIATED	0.25	NONE	[127]		
KANTILAN	KANTILAN_SANGSIH		DING	2	MUTED	1.0	NONE	[127]		
KANTILAN	KANTILAN_SANGSIH		DING	2	MUTED	0.5	NONE	[127]		
KANTILAN	KANTILAN_SANGSIH		DING	2	MUTED	0.25	NONE	[127]		
KANTILAN	KANTILAN_SANGSIH		DONG	0	TREMOLO	1.0	NONE	[127]		
KANTILAN	KANTILAN_SANGSIH		DONG	0	TREMOLO_ACCELERATING	1.0	NONE	[127]		
KANTILAN	KANTILAN_SANGSIH		DONG	0	GRACE_NOTE	1.0	NONE	[127]		
KANTILAN	KANTILAN_SANGSIH		DONG	0	NOROT	1.0	NONE	[127]		
KANTILAN	KANTILAN_SANGSIH		DENG	0	TREMOLO	1.0	NONE	[127]		
KANTILAN	KANTILAN_SANGSIH		DENG	0	TREMOLO_ACCELERATING	1.0	NONE	[127]		
KANTILAN	KANTILAN_SANGSIH		DENG	0	GRACE_NOTE	1.0	NONE	[127]		
KANTILAN	KANTILAN_SANGSIH		DENG	0	NOROT	1.0	NONE	[127]		
KANTILAN	KANTILAN_SANGSIH		DUNG	0	TREMOLO	1.0	NONE	[127]		
KANTILAN	KANTILAN_SANGSIH		DUNG	0	TREMOLO_ACCELERATING	1.0	NONE	[127]		
KANTILAN	KANTILAN_SANGSIH		DUNG	0	GRACE_NOTE	1.0	NONE	[127]		
KANTILAN	KANTILAN_SANGSIH		DUNG	0	NOROT	1.0	NONE	[127]		
KANTILAN	KANTILAN_SANGSIH		DANG	0	TREMOLO	1.0	NONE	[127]		
KANTILAN	KANTILAN_SANGSIH		DANG	0	TREMOLO_ACCELERATING	1.0	NONE	[127]		
KANTILAN	KANTILAN_SANGSIH		DANG	0	GRACE_NOTE	1.0	NONE	[127]		
KANTILAN	KANTILAN_SANGSIH		DANG	0	NOROT	1.0	NONE	[127]		
KANTILAN	KANTILAN_SANGSIH		DING	1	TREMOLO	1.0	NONE	[127]		
KANTILAN	KANTILAN_SANGSIH		DING	1	TREMOLO_ACCELERATING	1.0	NONE	[127]		
KANTILAN	KANTILAN_SANGSIH		DING	1	GRACE_NOTE	1.0	NONE	[127]		
KANTILAN	KANTILAN_SANGSIH		DING	1	NOROT	1.0	NONE	[127]		
KANTILAN	KANTILAN_SANGSIH		DONG	1	TREMOLO	1.0	NONE	[127]		
KANTILAN	KANTILAN_SANGSIH		DONG	1	TREMOLO_ACCELERATING	1.0	NONE	[127]		
KANTILAN	KANTILAN_SANGSIH		DONG	1	GRACE_NOTE	1.0	NONE	[127]		
KANTILAN	KANTILAN_SANGSIH		DONG	1	NOROT	1.0	NONE	[127]		
KANTILAN	KANTILAN_SANGSIH		DENG	1	TREMOLO	1.0	NONE	[127]		
KANTILAN	KANTILAN_SANGSIH		DENG	1	TREMOLO_ACCELERATING	1.0	NONE	[127]		
KANTILAN	KANTILAN_SANGSIH		DENG	1	GRACE_NOTE	1.0	NONE	[127]		
KANTILAN	KANTILAN_SANGSIH		DENG	1	NOROT	1.0	NONE	[127]		
KANTILAN	KANTILAN_SANGSIH		DUNG	1	TREMOLO	1.0	NONE	[127]		
KANTILAN	KANTILAN_SANGSIH		DUNG	1	TREMOLO_ACCELERATING	1.0	NONE	[127]		
KANTILAN	KANTILAN_SANGSIH		DUNG	1	GRACE_NOTE	1.0	NONE	[127]		
KANTILAN	KANTILAN_SANGSIH		DUNG	1	NOROT	1.0	NONE	[127]		
KANTILAN	KANTILAN_SANGSIH		DANG	1	TREMOLO	1.0	NONE	[127]		
KANTILAN	KANTILAN_SANGSIH		DANG	1	TREMOLO_ACCELERATING	1.0	NONE	[127]		
KANTILAN	KANTILAN_SANGSIH		DANG	1	GRACE_NOTE	1.0	NONE	[127]		
KANTILAN	KANTILAN_SANGSIH		DANG	1	NOROT	1.0	NONE	[127]		
KANTILAN	KANTILAN_SANGSIH		DING	2	TREMOLO	1.0	NONE	[127]		
KANTILAN	KANTILAN_SANGSIH		DING	2	TREMOLO_ACCELERATING	1.0	NONE	[127]		
KANTILAN	KANTILAN_SANGSIH		DING	2	GRACE_NOTE	1.0	NONE	[127]		
KANTILAN	KANTILAN_SANGSIH		DING	2	NOROT	1.0	NONE	[127]		
KANTILAN	KANTILAN_SANGSIH		NONE	None	EXTENSION	1.0	NONE	[127]		
KANTILAN	KANTILAN_SANGSIH		NONE	None	EXTENSION	0.5	NONE	[127]		
KANTILAN	KANTILAN_SANGSIH		NONE	None	EXTENSION	0.25	NONE	[127]		
KANTILAN	KANTILAN_SANGSIH		NONE	None	SILENCE	1.0	NONE	[127]		
KANTILAN	KANTILAN_SANGSIH		NONE	None	SILENCE	0.5	NONE	[127]		
KANTILAN	KANTILAN_SANGSIH		NONE	None	SILENCE	0.25	NONE	[127]		
REYONG	REYONG_1		DENG	0	OPEN	1.0	NONE	[127]		
REYONG	REYONG_1		DENG	0	OPEN	0.5	NONE	[127]		
REYONG	REYONG_1		DENG	0	OPEN	0.25	NONE	[127]		
REYONG	REYONG_1		DENG	0	ABBREVIATED	1.0	NONE	[127]		
REYONG	REYONG_1		DENG	0	ABBREVIATED	0.5	NONE	[127]		
REYONG	REYONG_1		DENG	0	ABBREVIATED	0.25	NONE	[127]		
REYONG	REYONG_1		DENG	0	MUTED	1.0	NONE	[127]		
REYONG	REYONG_1		DENG	0	MUTED	0.5	NONE	[127]		
REYONG	REYONG_1		DENG	0	MUTED	0.25	NONE	[127]		
REYONG	REYONG_1		DUNG	0	OPEN	1.0	NONE	[127]		
REYONG	REYONG_1		DUNG	0	OPEN	0.5	NONE	[127]		
REYONG	REYONG_1		DUNG	0	OPEN	0.25	NONE	[127]		
REYONG	REYONG_1		DUNG	0	ABBREVIATED	1.0	NONE	[127]		
REYONG	REYONG_1		DUNG	0	ABBREVIATED	0.5	NONE	[127]		
REYONG	REYONG_1		DUNG	0	ABBREVIATED	0.25	NONE	[127]		
REYONG	REYONG_1		DUNG	0	MUTED	1.0	NONE	[127]		
REYONG	REYONG_1		DUNG	0	MUTED	0.5	NONE	[127]		
REYONG	REYONG_1		DUNG	0	MUTED	0.25	NONE	[127]		
REYONG	REYONG_1		DANG	0	OPEN	1.0	NONE	[127]		
REYONG	REYONG_1		DANG	0	OPEN	0.5	NONE	[127]		
REYONG	REYONG_1		DANG	0	OPEN	0.25	NONE	[127]		
REYONG	REYONG_1		DANG	0	ABBREVIATED	1.0	NONE	[127]		
REYONG	REYONG_1		DANG	0	ABBREVIATED	0.5	NONE	[127]		
REYONG	REYONG_1		DANG	0	ABBREVIATED	0.25	NONE	[127]		
REYONG	REYONG_1		DANG	0	MUTED	1.0	NONE	[127]		
REYONG	REYONG_1		DANG	0	MUTED	0.5	NONE	[127]		
REYONG	REYONG_1		DANG	0	MUTED	0.25	NONE	[127]		
REYONG	REYONG_1		DENGDING	None	OPEN	1.0	NONE	[127]		
REYONG	REYONG_1		DENGDING	None	OPEN	0.5	NONE	[127]		
REYONG	REYONG_1		DENGDING	None	OPEN	0.25	NONE	[127]		
REYONG	REYONG_1		DENGDING	None	ABBREVIATED	1.0	NONE	[127]		
REYONG	REYONG_1		DENGDING	None	ABBREVIATED	0.5	NONE	[127]		
REYONG	REYONG_1		DENGDING	None	ABBREVIATED	0.25	NONE	[127]		
REYONG	REYONG_1		DENGDING	None	MUTED	1.0	NONE	[127]		
REYONG	REYONG_1		DENGDING	None	MUTED	0.5	NONE	[127]		
REYONG	REYONG_1		DENGDING	None	MUTED	0.25	NONE	[127]		
REYONG	REYONG_1		BYONG	None	OPEN	1.0	NONE	[127]		
REYONG	REYONG_1		BYONG	None	OPEN	0.5	NONE	[127]		
REYONG	REYONG_1		BYONG	None	OPEN	0.25	NONE	[127]		
REYONG	REYONG_1		BYONG	None	ABBREVIATED	1.0	NONE	[127]		
REYONG	REYONG_1		BYONG	None	ABBREVIATED	0.5	NONE	[127]		
REYONG	REYONG_1		BYONG	None	ABBREVIATED	0.25	NONE	[127]		
REYONG	REYONG_1		BYONG	None	MUTED	1.0	NONE	[127]		
REYONG	REYONG_1		BYONG	None	MUTED	0.5	NONE	[127]		
REYONG	REYONG_1		BYONG	None	MUTED	0.25	NONE	[127]		
REYONG	REYONG_1		STRIKE	None	OPEN	1.0	NONE	[127]		
REYONG	REYONG_1		STRIKE	None	OPEN	0.5	NONE	[127]		
REYONG	REYONG_1		STRIKE	None	OPEN	0.25	NONE	[127]		
REYONG	REYONG_1		STRIKE	None	ABBREVIATED	1.0	NONE	[127]		
REYONG	REYONG_1		STRIKE	None	ABBREVIATED	0.5	NONE	[127]		
REYONG	REYONG_1		STRIKE	None	ABBREVIATED	0.25	NONE	[127]		
REYONG	REYONG_1		STRIKE	None	MUTED	1.0	NONE	[127]		
REYONG	REYONG_1		STRIKE	None	MUTED	0.5	NONE	[127]		
REYONG	REYONG_1		STRIKE	None	MUTED	0.25	NONE	[127]		
REYONG	REYONG_1		DING	1	OPEN	1.0	NONE	[127]		
REYONG	REYONG_1		DING	1	OPEN	0.5	NONE	[127]		
REYONG	REYONG_1		DING	1	OPEN	0.25	NONE	[127]		
REYONG	REYONG_1		DING	1	ABBREVIATED	1.0	NONE	[127]		
REYONG	REYONG_1		DING	1	ABBREVIATED	0.5	NONE	[127]		
REYONG	REYONG_1		DING	1	ABBREVIATED	0.25	NONE	[127]		
REYONG	REYONG_1		DING	1	MUTED	1.0	NONE	[127]		
REYONG	REYONG_1		DING	1	MUTED	0.5	NONE	[127]		
REYONG	REYONG_1		DING	1	MUTED	0.25	NONE	[127]		
REYONG	REYONG_1		DONG	1	OPEN	1.0	NONE	[127]		
REYONG	REYONG_1		DONG	1	OPEN	0.5	NONE	[127]		
REYONG	REYONG_1		DONG	1	OPEN	0.25	NONE	[127]		
REYONG	REYONG_1		DONG	1	ABBREVIATED	1.0	NONE	[127]		
REYONG	REYONG_1		DONG	1	ABBREVIATED	0.5	NONE	[127]		
REYONG	REYONG_1		DONG	1	ABBREVIATED	0.25	NONE	[127]		
REYONG	REYONG_1		DONG	1	MUTED	1.0	NONE	[127]		
REYONG	REYONG_1		DONG	1	MUTED	0.5	NONE	[127]		
REYONG	REYONG_1		DONG	1	MUTED	0.25	NONE	[127]		
REYONG	REYONG_1		DENG	0	TREMOLO	1.0	NONE	[127]		
REYONG	REYONG_1		DENG	0	TREMOLO_ACCELERATING	1.0	NONE	[127]		
REYONG	REYONG_1		DENG	0	GRACE_NOTE	1.0	NONE	[127]		
REYONG	REYONG_1		DENG	0	NOROT	1.0	NONE	[127]		
REYONG	REYONG_1		DUNG	0	TREMOLO	1.0	NONE	[127]		
REYONG	REYONG_1		DUNG	0	TREMOLO_ACCELERATING	1.0	NONE	[127]		
REYONG	REYONG_1		DUNG	0	GRACE_NOTE	1.0	NONE	[127]		
REYONG	REYONG_1		DUNG	0	NOROT	1.0	NONE	[127]		
REYONG	REYONG_1		DANG	0	TREMOLO	1.0	NONE	[127]		
REYONG	REYONG_1		DANG	0	TREMOLO_ACCELERATING	1.0	NONE	[127]		
REYONG	REYONG_1		DANG	0	GRACE_NOTE	1.0	NONE	[127]		
REYONG	REYONG_1		DANG	0	NOROT	1.0	NONE	[127]		
REYONG	REYONG_1		BYONG	None	TREMOLO	1.0	NONE	[127]		
REYONG	REYONG_1		BYONG	None	TREMOLO_ACCELERATING	1.0	NONE	[127]		
REYONG	REYONG_1		BYONG	None	GRACE_NOTE	1.0	NONE	[127]		
REYONG	REYONG_1		STRIKE	None	TREMOLO	1.0	NONE	[127]		
REYONG	REYONG_1		STRIKE	None	TREMOLO_ACCELERATING	1.0	NONE	[127]		
REYONG	REYONG_1		STRIKE	None	GRACE_NOTE	1.0	NONE	[127]		
REYONG	REYONG_1		DING	1	TREMOLO	1.0	NONE	[127]		
REYONG	REYONG_1		DING	1	TREMOLO_ACCELERATING	1.0	NONE	[127]		
REYONG	REYONG_1		DING	1	GRACE_NOTE	1.0	NONE	[127]		
REYONG	REYONG_1		DING	1	NOROT	1.0	NONE	[127]		
REYONG	REYONG_1		DONG	1	TREMOLO	1.0	NONE	[127]		
REYONG	REYONG_1		DONG	1	TREMOLO_ACCELERATING	1.0	NONE	[127]		
REYONG	REYONG_1		DONG	1	GRACE_NOTE	1.0	NONE	[127]		
REYONG	REYONG_1		DONG	1	NOROT	1.0	NONE	[127]		
REYONG	REYONG_1		NONE	None	EXTENSION	1.0	NONE	[127]		
REYONG	REYONG_1		NONE	None	EXTENSION	0.5	NONE	[127]		
REYONG	REYONG_1		NONE	None	EXTENSION	0.25	NONE	[127]		
REYONG	REYONG_1		NONE	None	SILENCE	1.0	NONE	[127]		
REYONG	REYONG_1		NONE	None	SILENCE	0.5	NONE	[127]		
REYONG	REYONG_1		NONE	None	SILENCE	0.25	NONE	[127]		
REYONG	REYONG_2		DING	1	OPEN	1.0	NONE	[127]		
REYONG	REYONG_2		DING	1	OPEN	0.5	NONE	[127]		
REYONG	REYONG_2		DING	1	OPEN	0.25	NONE	[127]		
REYONG	REYONG_2		DING	1	ABBREVIATED	1.0	NONE	[127]		
REYONG	REYONG_2		DING	1	ABBREVIATED	0.5	NONE	[127]		
REYONG	REYONG_2		DING	1	ABBREVIATED	0.25	NONE	[127]		
REYONG	REYONG_2		DING	1	MUTED	1.0	NONE	[127]		
REYONG	REYONG_2		DING	1	MUTED	0.5	NONE	[127]		
REYONG	REYONG_2		DING	1	MUTED	0.25	NONE	[127]		
REYONG	REYONG_2		DONG	1	OPEN	1.0	NONE	[127]		
REYONG	REYONG_2		DONG	1	OPEN	0.5	NONE	[127]		
REYONG	REYONG_2		DONG	1	OPEN	0.25	NONE	[127]		
REYONG	REYONG_2		DONG	1	ABBREVIATED	1.0	NONE	[127]		
REYONG	REYONG_2		DONG	1	ABBREVIATED	0.5	NONE	[127]		
REYONG	REYONG_2		DONG	1	ABBREVIATED	0.25	NONE	[127]		
REYONG	REYONG_2		DONG	1	MUTED	1.0	NONE	[127]		
REYONG	REYONG_2		DONG	1	MUTED	0.5	NONE	[127]		
REYONG	REYONG_2		DONG	1	MUTED	0.25	NONE	[127]		
REYONG	REYONG_2		DENG	1	OPEN	1.0	NONE	[127]		
REYONG	REYONG_2		DENG	1	OPEN	0.5	NONE	[127]		
REYONG	REYONG_2		DENG	1	OPEN	0.25	NONE	[127]		
REYONG	REYONG_2		DENG	1	ABBREVIATED	1.0	NONE	[127]		
REYONG	REYONG_2		DENG	1	ABBREVIATED	0.5	NONE	[127]		
REYONG	REYONG_2		DENG	1	ABBREVIATED	0.25	NONE	[127]		
REYONG	REYONG_2		DENG	1	MUTED	1.0	NONE	[127]		
REYONG	REYONG_2		DENG	1	MUTED	0.5	NONE	[127]		
REYONG	REYONG_2		DENG	1	MUTED	0.25	NONE	[127]		
REYONG	REYONG_2		BYONG	None	OPEN	1.0	NONE	[127]		
REYONG	REYONG_2		BYONG	None	OPEN	0.5	NONE	[127]		
REYONG	REYONG_2		BYONG	None	OPEN	0.25	NONE	[127]		
REYONG	REYONG_2		BYONG	None	ABBREVIATED	1.0	NONE	[127]		
REYONG	REYONG_2		BYONG	None	ABBREVIATED	0.5	NONE	[127]		
REYONG	REYONG_2		BYONG	None	ABBREVIATED	0.25	NONE	[127]		
REYONG	REYONG_2		BYONG	None	MUTED	1.0	NONE	[127]		
REYONG	REYONG_2		BYONG	None	MUTED	0.5	NONE	[127]		
REYONG	REYONG_2		BYONG	None	MUTED	0.25	NONE	[127]		
REYONG	REYONG_2		STRIKE	None	OPEN	1.0	NONE	[127]		
REYONG	REYONG_2		STRIKE	None	OPEN	0.5	NONE	[127]		
REYONG	REYONG_2		STRIKE	None	OPEN	0.25	NONE	[127]		
REYONG	REYONG_2		STRIKE	None	ABBREVIATED	1.0	NONE	[127]		
REYONG	REYONG_2		STRIKE	None	ABBREVIATED	0.5	NONE	[127]		
REYONG	REYONG_2		STRIKE	None	ABBREVIATED	0.25	NONE	[127]		
REYONG	REYONG_2		STRIKE	None	MUTED	1.0	NONE	[127]		
REYONG	REYONG_2		STRIKE	None	MUTED	0.5	NONE	[127]		
REYONG	REYONG_2		STRIKE	None	MUTED	0.25	NONE	[127]		
REYONG	REYONG_2		DANG	0	OPEN	1.0	NONE	[127]		
REYONG	REYONG_2		DANG	0	OPEN	0.5	NONE	[127]		
REYONG	REYONG_2		DANG	0	OPEN	0.25	NONE	[127]		
REYONG	REYONG_2		DANG	0	ABBREVIATED	1.0	NONE	[127]		
REYONG	REYONG_2		DANG	0	ABBREVIATED	0.5	NONE	[127]		
REYONG	REYONG_2		DANG	0	ABBREVIATED	0.25	NONE	[127]		
REYONG	REYONG_2		DANG	0	MUTED	1.0	NONE	[127]		
REYONG	REYONG_2		DANG	0	MUTED	0.5	NONE	[127]		
REYONG	REYONG_2		DANG	0	MUTED	0.25	NONE	[127]		
REYONG	REYONG_2		DUNG	1	OPEN	1.0	NONE	[127]		
REYONG	REYONG_2		DUNG	1	OPEN	0.5	NONE	[127]		
REYONG	REYONG_2		DUNG	1	OPEN	0.25	NONE	[127]		
REYONG	REYONG_2		DUNG	1	ABBREVIATED	1.0	NONE	[127]		
REYONG	REYONG_2		DUNG	1	ABBREVIATED	0.5	NONE	[127]		
REYONG	REYONG_2		DUNG	1	ABBREVIATED	0.25	NONE	[127]		
REYONG	REYONG_2		DUNG	1	MUTED	1.0	NONE	[127]		
REYONG	REYONG_2		DUNG	1	MUTED	0.5	NONE	[127]		
REYONG	REYONG_2		DUNG	1	MUTED	0.25	NONE	[127]		
REYONG	REYONG_2		DING	1	TREMOLO	1.0	NONE	[127]		
REYONG	REYONG_2		DING	1	TREMOLO_ACCELERATING	1.0	NONE	[127]		
REYONG	REYONG_2		DING	1	GRACE_NOTE	1.0	NONE	[127]		
REYONG	REYONG_2		DING	1	NOROT	1.0	NONE	[127]		
REYONG	REYONG_2		DONG	1	TREMOLO	1.0	NONE	[127]		
REYONG	REYONG_2		DONG	1	TREMOLO_ACCELERATING	1.0	NONE	[127]		
REYONG	REYONG_2		DONG	1	GRACE_NOTE	1.0	NONE	[127]		
REYONG	REYONG_2		DONG	1	NOROT	1.0	NONE	[127]		
REYONG	REYONG_2		DENG	1	TREMOLO	1.0	NONE	[127]		
REYONG	REYONG_2		DENG	1	TREMOLO_ACCELERATING	1.0	NONE	[127]		
REYONG	REYONG_2		DENG	1	GRACE_NOTE	1.0	NONE	[127]		
REYONG	REYONG_2		DENG	1	NOROT	1.0	NONE	[127]		
REYONG	REYONG_2		BYONG	None	TREMOLO	1.0	NONE	[127]		
REYONG	REYONG_2		BYONG	None	TREMOLO_ACCELERATING	1.0	NONE	[127]		
REYONG	REYONG_2		BYONG	None	GRACE_NOTE	1.0	NONE	[127]		
REYONG	REYONG_2		STRIKE	None	TREMOLO	1.0	NONE	[127]		
REYONG	REYONG_2		STRIKE	None	TREMOLO_ACCELERATING	1.0	NONE	[127]		
REYONG	REYONG_2		STRIKE	None	GRACE_NOTE	1.0	NONE	[127]		
REYONG	REYONG_2		DANG	0	TREMOLO	1.0	NONE	[127]		
REYONG	REYONG_2		DANG	0	TREMOLO_ACCELERATING	1.0	NONE	[127]		
REYONG	REYONG_2		DANG	0	GRACE_NOTE	1.0	NONE	[127]		
REYONG	REYONG_2		DANG	0	NOROT	1.0	NONE	[127]		
REYONG	REYONG_2		DUNG	1	TREMOLO	1.0	NONE	[127]		
REYONG	REYONG_2		DUNG	1	TREMOLO_ACCELERATING	1.0	NONE	[127]		
REYONG	REYONG_2		DUNG	1	GRACE_NOTE	1.0	NONE	[127]		
REYONG	REYONG_2		DUNG	1	NOROT	1.0	NONE	[127]		
REYONG	REYONG_2		NONE	None	EXTENSION	1.0	NONE	[127]		
REYONG	REYONG_2		NONE	None	EXTENSION	0.5	NONE	[127]		
REYONG	REYONG_2		NONE	None	EXTENSION	0.25	NONE	[127]		
REYONG	REYONG_2		NONE	None	SILENCE	1.0	NONE	[127]		
REYONG	REYONG_2		NONE	None	SILENCE	0.5	NONE	[127]		
REYONG	REYONG_2		NONE	None	SILENCE	0.25	NONE	[127]		
REYONG	REYONG_3		DUNG	1	OPEN	1.0	NONE	[127]		
REYONG	REYONG_3		DUNG	1	OPEN	0.5	NONE	[127]		
REYONG	REYONG_3		DUNG	1	OPEN	0.25	NONE	[127]		
REYONG	REYONG_3		DUNG	1	ABBREVIATED	1.0	NONE	[127]		
REYONG	REYONG_3		DUNG	1	ABBREVIATED	0.5	NONE	[127]		
REYONG	REYONG_3		DUNG	1	ABBREVIATED	0.25	NONE	[127]		
REYONG	REYONG_3		DUNG	1	MUTED	1.0	NONE	[127]		
REYONG	REYONG_3		DUNG	1	MUTED	0.5	NONE	[127]		
REYONG	REYONG_3		DUNG	1	MUTED	0.25	NONE	[127]		
REYONG	REYONG_3		DANG	1	OPEN	1.0	NONE	[127]		
REYONG	REYONG_3		DANG	1	OPEN	0.5	NONE	[127]		
REYONG	REYONG_3		DANG	1	OPEN	0.25	NONE	[127]		
REYONG	REYONG_3		DANG	1	ABBREVIATED	1.0	NONE	[127]		
REYONG	REYONG_3		DANG	1	ABBREVIATED	0.5	NONE	[127]		
REYONG	REYONG_3		DANG	1	ABBREVIATED	0.25	NONE	[127]		
REYONG	REYONG_3		DANG	1	MUTED	1.0	NONE	[127]		
REYONG	REYONG_3		DANG	1	MUTED	0.5	NONE	[127]		
REYONG	REYONG_3		DANG	1	MUTED	0.25	NONE	[127]		
REYONG	REYONG_3		DING	2	OPEN	1.0	NONE	[127]		
REYONG	REYONG_3		DING	2	OPEN	0.5	NONE	[127]		
REYONG	REYONG_3		DING	2	OPEN	0.25	NONE	[127]		
REYONG	REYONG_3		DING	2	ABBREVIATED	1.0	NONE	[127]		
REYONG	REYONG_3		DING	2	ABBREVIATED	0.5	NONE	[127]		
REYONG	REYONG_3		DING	2	ABBREVIATED	0.25	NONE	[127]		
REYONG	REYONG_3		DING	2	MUTED	1.0	NONE	[127]		
REYONG	REYONG_3		DING	2	MUTED	0.5	NONE	[127]		
REYONG	REYONG_3		DING	2	MUTED	0.25	NONE	[127]		
REYONG	REYONG_3		BYONG	None	OPEN	1.0	NONE	[127]		
REYONG	REYONG_3		BYONG	None	OPEN	0.5	NONE	[127]		
REYONG	REYONG_3		BYONG	None	OPEN	0.25	NONE	[127]		
REYONG	REYONG_3		BYONG	None	ABBREVIATED	1.0	NONE	[127]		
REYONG	REYONG_3		BYONG	None	ABBREVIATED	0.5	NONE	[127]		
REYONG	REYONG_3		BYONG	None	ABBREVIATED	0.25	NONE	[127]		
REYONG	REYONG_3		BYONG	None	MUTED	1.0	NONE	[127]		
REYONG	REYONG_3		BYONG	None	MUTED	0.5	NONE	[127]		
REYONG	REYONG_3		BYONG	None	MUTED	0.25	NONE	[127]		
REYONG	REYONG_3		STRIKE	None	OPEN	1.0	NONE	[127]		
REYONG	REYONG_3		STRIKE	None	OPEN	0.5	NONE	[127]		
REYONG	REYONG_3		STRIKE	None	OPEN	0.25	NONE	[127]		
REYONG	REYONG_3		STRIKE	None	ABBREVIATED	1.0	NONE	[127]		
REYONG	REYONG_3		STRIKE	None	ABBREVIATED	0.5	NONE	[127]		
REYONG	REYONG_3		STRIKE	None	ABBREVIATED	0.25	NONE	[127]		
REYONG	REYONG_3		STRIKE	None	MUTED	1.0	NONE	[127]		
REYONG	REYONG_3		STRIKE	None	MUTED	0.5	NONE	[127]		
REYONG	REYONG_3		STRIKE	None	MUTED	0.25	NONE	[127]		
REYONG	REYONG_3		DENG	1	OPEN	1.0	NONE	[127]		
REYONG	REYONG_3		DENG	1	OPEN	0.5	NONE	[127]		
REYONG	REYONG_3		DENG	1	OPEN	0.25	NONE	[127]		
REYONG	REYONG_3		DENG	1	ABBREVIATED	1.0	NONE	[127]		
REYONG	REYONG_3		DENG	1	ABBREVIATED	0.5	NONE	[127]		
REYONG	REYONG_3		DENG	1	ABBREVIATED	0.25	NONE	[127]		
REYONG	REYONG_3		DENG	1	MUTED	1.0	NONE	[127]		
REYONG	REYONG_3		DENG	1	MUTED	0.5	NONE	[127]		
REYONG	REYONG_3		DENG	1	MUTED	0.25	NONE	[127]		
REYONG	REYONG_3		DONG	2	OPEN	1.0	NONE	[127]		
REYONG	REYONG_3		DONG	2	OPEN	0.5	NONE	[127]		
REYONG	REYONG_3		DONG	2	OPEN	0.25	NONE	[127]		
REYONG	REYONG_3		DONG	2	ABBREVIATED	1.0	NONE	[127]		
REYONG	REYONG_3		DONG	2	ABBREVIATED	0.5	NONE	[127]		
REYONG	REYONG_3		DONG	2	ABBREVIATED	0.25	NONE	[127]		
REYONG	REYONG_3		DONG	2	MUTED	1.0	NONE	[127]		
REYONG	REYONG_3		DONG	2	MUTED	0.5	NONE	[127]		
REYONG	REYONG_3		DONG	2	MUTED	0.25	NONE	[127]		
REYONG	REYONG_3		DUNG	1	TREMOLO	1.0	NONE	[127]		
REYONG	REYONG_3		DUNG	1	TREMOLO_ACCELERATING	1.0	NONE	[127]		
REYONG	REYONG_3		DUNG	1	GRACE_NOTE	1.0	NONE	[127]		
REYONG	REYONG_3		DUNG	1	NOROT	1.0	NONE	[127]		
REYONG	REYONG_3		DANG	1	TREMOLO	1.0	NONE	[127]		
REYONG	REYONG_3		DANG	1	TREMOLO_ACCELERATING	1.0	NONE	[127]		
REYONG	REYONG_3		DANG	1	GRACE_NOTE	1.0	NONE	[127]		
REYONG	REYONG_3		DANG	1	NOROT	1.0	NONE	[127]		
REYONG	REYONG_3		DING	2	TREMOLO	1.0	NONE	[127]		
REYONG	REYONG_3		DING	2	TREMOLO_ACCELERATING	1.0	NONE	[127]		
REYONG	REYONG_3		DING	2	GRACE_NOTE	1.0	NONE	[127]		
REYONG	REYONG_3		DING	2	NOROT	1.0	NONE	[127]		
REYONG	REYONG_3		BYONG	None	TREMOLO	1.0	NONE	[127]		
REYONG	REYONG_3		BYONG	None	TREMOLO_ACCELERATING	1.0	NONE	[127]		
REYONG	REYONG_3		BYONG	None	GRACE_NOTE	1.0	NONE	[127]		
REYONG	REYONG_3		STRIKE	None	TREMOLO	1.0	NONE	[127]		
REYONG	REYONG_3		STRIKE	None	TREMOLO_ACCELERATING	1.0	NONE	[127]		
REYONG	REYONG_3		STRIKE	None	GRACE_NOTE	1.0	NONE	[127]		
REYONG	REYONG_3		DENG	1	TREMOLO	1.0	NONE	[127]		
REYONG	REYONG_3		DENG	1	TREMOLO_ACCELERATING	1.0	NONE	[127]		
REYONG	REYONG_3		DENG	1	GRACE_NOTE	1.0	NONE	[127]		
REYONG	REYONG_3		DENG	1	NOROT	1.0	NONE	[127]		
REYONG	REYONG_3		DONG	2	TREMOLO	1.0	NONE	[127]		
REYONG	REYONG_3		DONG	2	TREMOLO_ACCELERATING	1.0	NONE	[127]		
REYONG	REYONG_3		DONG	2	GRACE_NOTE	1.0	NONE	[127]		
REYONG	REYONG_3		DONG	2	NOROT	1.0	NONE	[127]		
REYONG	REYONG_3		NONE	None	EXTENSION	1.0	NONE	[127]		
REYONG	REYONG_3		NONE	None	EXTENSION	0.5	NONE	[127]		
REYONG	REYONG_3		NONE	None	EXTENSION	0.25	NONE	[127]		
REYONG	REYONG_3		NONE	None	SILENCE	1.0	NONE	[127]		
REYONG	REYONG_3		NONE	None	SILENCE	0.5	NONE	[127]		
REYONG	REYONG_3		NONE	None	SILENCE	0.25	NONE	[127]		
REYONG	REYONG_4		DONG	2	OPEN	1.0	NONE	[127]		
REYONG	REYONG_4		DONG	2	OPEN	0.5	NONE	[127]		
REYONG	REYONG_4		DONG	2	OPEN	0.25	NONE	[127]		
REYONG	REYONG_4		DONG	2	ABBREVIATED	1.0	NONE	[127]		
REYONG	REYONG_4		DONG	2	ABBREVIATED	0.5	NONE	[127]		
REYONG	REYONG_4		DONG	2	ABBREVIATED	0.25	NONE	[127]		
REYONG	REYONG_4		DONG	2	MUTED	1.0	NONE	[127]		
REYONG	REYONG_4		DONG	2	MUTED	0.5	NONE	[127]		
REYONG	REYONG_4		DONG	2	MUTED	0.25	NONE	[127]		
REYONG	REYONG_4		DENG	2	OPEN	1.0	NONE	[127]		
REYONG	REYONG_4		DENG	2	OPEN	0.5	NONE	[127]		
REYONG	REYONG_4		DENG	2	OPEN	0.25	NONE	[127]		
REYONG	REYONG_4		DENG	2	ABBREVIATED	1.0	NONE	[127]		
REYONG	REYONG_4		DENG	2	ABBREVIATED	0.5	NONE	[127]		
REYONG	REYONG_4		DENG	2	ABBREVIATED	0.25	NONE	[127]		
REYONG	REYONG_4		DENG	2	MUTED	1.0	NONE	[127]		
REYONG	REYONG_4		DENG	2	MUTED	0.5	NONE	[127]		
REYONG	REYONG_4		DENG	2	MUTED	0.25	NONE	[127]		
REYONG	REYONG_4		DUNG	2	OPEN	1.0	NONE	[127]		
REYONG	REYONG_4		DUNG	2	OPEN	0.5	NONE	[127]		
REYONG	REYONG_4		DUNG	2	OPEN	0.25	NONE	[127]		
REYONG	REYONG_4		DUNG	2	ABBREVIATED	1.0	NONE	[127]		
REYONG	REYONG_4		DUNG	2	ABBREVIATED	0.5	NONE	[127]		
REYONG	REYONG_4		DUNG	2	ABBREVIATED	0.25	NONE	[127]		
REYONG	REYONG_4		DUNG	2	MUTED	1.0	NONE	[127]		
REYONG	REYONG_4		DUNG	2	MUTED	0.5	NONE	[127]		
REYONG	REYONG_4		DUNG	2	MUTED	0.25	NONE	[127]		
REYONG	REYONG_4		BYONG	None	OPEN	1.0	NONE	[127]		
REYONG	REYONG_4		BYONG	None	OPEN	0.5	NONE	[127]		
REYONG	REYONG_4		BYONG	None	OPEN	0.25	NONE	[127]		
REYONG	REYONG_4		BYONG	None	ABBREVIATED	1.0	NONE	[127]		
REYONG	REYONG_4		BYONG	None	ABBREVIATED	0.5	NONE	[127]		
REYONG	REYONG_4		BYONG	None	ABBREVIATED	0.25	NONE	[127]		
REYONG	REYONG_4		BYONG	None	MUTED	1.0	NONE	[127]		
REYONG	REYONG_4		BYONG	None	MUTED	0.5	NONE	[127]		
REYONG	REYONG_4		BYONG	None	MUTED	0.25	NONE	[127]		
REYONG	REYONG_4		STRIKE	None	OPEN	1.0	NONE	[127]		
REYONG	REYONG_4		STRIKE	None	OPEN	0.5	NONE	[127]		
REYONG	REYONG_4		STRIKE	None	OPEN	0.25	NONE	[127]		
REYONG	REYONG_4		STRIKE	None	ABBREVIATED	1.0	NONE	[127]		
REYONG	REYONG_4		STRIKE	None	ABBREVIATED	0.5	NONE	[127]		
REYONG	REYONG_4		STRIKE	None	ABBREVIATED	0.25	NONE	[127]		
REYONG	REYONG_4		STRIKE	None	MUTED	1.0	NONE	[127]		
REYONG	REYONG_4		STRIKE	None	MUTED	0.5	NONE	[127]		
REYONG	REYONG_4		STRIKE	None	MUTED	0.25	NONE	[127]		
REYONG	REYONG_4		DANG	1	OPEN	1.0	NONE	[127]		
REYONG	REYONG_4		DANG	1	OPEN	0.5	NONE	[127]		
REYONG	REYONG_4		DANG	1	OPEN	0.25	NONE	[127]		
REYONG	REYONG_4		DANG	1	ABBREVIATED	1.0	NONE	[127]		
REYONG	REYONG_4		DANG	1	ABBREVIATED	0.5	NONE	[127]		
REYONG	REYONG_4		DANG	1	ABBREVIATED	0.25	NONE	[127]		
REYONG	REYONG_4		DANG	1	MUTED	1.0	NONE	[127]		
REYONG	REYONG_4		DANG	1	MUTED	0.5	NONE	[127]		
REYONG	REYONG_4		DANG	1	MUTED	0.25	NONE	[127]		
REYONG	REYONG_4		DING	2	OPEN	1.0	NONE	[127]		
REYONG	REYONG_4		DING	2	OPEN	0.5	NONE	[127]		
REYONG	REYONG_4		DING	2	OPEN	0.25	NONE	[127]		
REYONG	REYONG_4		DING	2	ABBREVIATED	1.0	NONE	[127]		
REYONG	REYONG_4		DING	2	ABBREVIATED	0.5	NONE	[127]		
REYONG	REYONG_4		DING	2	ABBREVIATED	0.25	NONE	[127]		
REYONG	REYONG_4		DING	2	MUTED	1.0	NONE	[127]		
REYONG	REYONG_4		DING	2	MUTED	0.5	NONE	[127]		
REYONG	REYONG_4		DING	2	MUTED	0.25	NONE	[127]		
REYONG	REYONG_4		DONG	2	TREMOLO	1.0	NONE	[127]		
REYONG	REYONG_4		DONG	2	TREMOLO_ACCELERATING	1.0	NONE	[127]		
REYONG	REYONG_4		DONG	2	GRACE_NOTE	1.0	NONE	[127]		
REYONG	REYONG_4		DONG	2	NOROT	1.0	NONE	[127]		
REYONG	REYONG_4		DENG	2	TREMOLO	1.0	NONE	[127]		
REYONG	REYONG_4		DENG	2	TREMOLO_ACCELERATING	1.0	NONE	[127]		
REYONG	REYONG_4		DENG	2	GRACE_NOTE	1.0	NONE	[127]		
REYONG	REYONG_4		DENG	2	NOROT	1.0	NONE	[127]		
REYONG	REYONG_4		DUNG	2	TREMOLO	1.0	NONE	[127]		
REYONG	REYONG_4		DUNG	2	TREMOLO_ACCELERATING	1.0	NONE	[127]		
REYONG	REYONG_4		DUNG	2	GRACE_NOTE	1.0	NONE	[127]		
REYONG	REYONG_4		DUNG	2	NOROT	1.0	NONE	[127]		
REYONG	REYONG_4		BYONG	None	TREMOLO	1.0	NONE	[127]		
REYONG	REYONG_4		BYONG	None	TREMOLO_ACCELERATING	1.0	NONE	[127]		
REYONG	REYONG_4		BYONG	None	GRACE_NOTE	1.0	NONE	[127]		
REYONG	REYONG_4		STRIKE	None	TREMOLO	1.0	NONE	[127]		
REYONG	REYONG_4		STRIKE	None	TREMOLO_ACCELERATING	1.0	NONE	[127]		
REYONG	REYONG_4		STRIKE	None	GRACE_NOTE	1.0	NONE	[127]		
REYONG	REYONG_4		DANG	1	TREMOLO	1.0	NONE	[127]		
REYONG	REYONG_4		DANG	1	TREMOLO_ACCELERATING	1.0	NONE	[127]		
REYONG	REYONG_4		DANG	1	GRACE_NOTE	1.0	NONE	[127]		
REYONG	REYONG_4		DANG	1	NOROT	1.0	NONE	[127]		
REYONG	REYONG_4		DING	2	TREMOLO	1.0	NONE	[127]		
REYONG	REYONG_4		DING	2	TREMOLO_ACCELERATING	1.0	NONE	[127]		
REYONG	REYONG_4		DING	2	GRACE_NOTE	1.0	NONE	[127]		
REYONG	REYONG_4		DING	2	NOROT	1.0	NONE	[127]		
REYONG	REYONG_4		NONE	None	EXTENSION	1.0	NONE	[127]		
REYONG	REYONG_4		NONE	None	EXTENSION	0.5	NONE	[127]		
REYONG	REYONG_4		NONE	None	EXTENSION	0.25	NONE	[127]		
REYONG	REYONG_4		NONE	None	SILENCE	1.0	NONE	[127]		
REYONG	REYONG_4		NONE	None	SILENCE	0.5	NONE	[127]		
REYONG	REYONG_4		NONE	None	SILENCE	0.25	NONE	[127]		
CALUNG	CALUNG		DING	1	OPEN	1.0	NONE	[127]		
CALUNG	CALUNG		DING	1	OPEN	0.5	NONE	[127]		
CALUNG	CALUNG		DING	1	OPEN	0.25	NONE	[127]		
CALUNG	CALUNG		DING	1	ABBREVIATED	1.0	NONE	[127]		
CALUNG	CALUNG		DING	1	ABBREVIATED	0.5	NONE	[127]		
CALUNG	CALUNG		DING	1	ABBREVIATED	0.25	NONE	[127]		
CALUNG	CALUNG		DING	1	MUTED	1.0	NONE	[127]		
CALUNG	CALUNG		DING	1	MUTED	0.5	NONE	[127]		
CALUNG	CALUNG		DING	1	MUTED	0.25	NONE	[127]		
CALUNG	CALUNG		DONG	1	OPEN	1.0	NONE	[127]		
CALUNG	CALUNG		DONG	1	OPEN	0.5	NONE	[127]		
CALUNG	CALUNG		DONG	1	OPEN	0.25	NONE	[127]		
CALUNG	CALUNG		DONG	1	ABBREVIATED	1.0	NONE	[127]		
CALUNG	CALUNG		DONG	1	ABBREVIATED	0.5	NONE	[127]		
CALUNG	CALUNG		DONG	1	ABBREVIATED	0.25	NONE	[127]		
CALUNG	CALUNG		DONG	1	MUTED	1.0	NONE	[127]		
CALUNG	CALUNG		DONG	1	MUTED	0.5	NONE	[127]		
CALUNG	CALUNG		DONG	1	MUTED	0.25	NONE	[127]		
CALUNG	CALUNG		DENG	1	OPEN	1.0	NONE	[127]		
CALUNG	CALUNG		DENG	1	OPEN	0.5	NONE	[127]		
CALUNG	CALUNG		DENG	1	OPEN	0.25	NONE	[127]		
CALUNG	CALUNG		DENG	1	ABBREVIATED	1.0	NONE	[127]		
CALUNG	CALUNG		DENG	1	ABBREVIATED	0.5	NONE	[127]		
CALUNG	CALUNG		DENG	1	ABBREVIATED	0.25	NONE	[127]		
CALUNG	CALUNG		DENG	1	MUTED	1.0	NONE	[127]		
CALUNG	CALUNG		DENG	1	MUTED	0.5	NONE	[127]		
CALUNG	CALUNG		DENG	1	MUTED	0.25	NONE	[127]		
CALUNG	CALUNG		DUNG	1	OPEN	1.0	NONE	[127]		
CALUNG	CALUNG		DUNG	1	OPEN	0.5	NONE	[127]		
CALUNG	CALUNG		DUNG	1	OPEN	0.25	NONE	[127]		
CALUNG	CALUNG		DUNG	1	ABBREVIATED	1.0	NONE	[127]		
CALUNG	CALUNG		DUNG	1	ABBREVIATED	0.5	NONE	[127]		
CALUNG	CALUNG		DUNG	1	ABBREVIATED	0.25	NONE	[127]		
CALUNG	CALUNG		DUNG	1	MUTED	1.0	NONE	[127]		
CALUNG	CALUNG		DUNG	1	MUTED	0.5	NONE	[127]		
CALUNG	CALUNG		DUNG	1	MUTED	0.25	NONE	[127]		
CALUNG	CALUNG		DANG	1	OPEN	1.0	NONE	[127]		
CALUNG	CALUNG		DANG	1	OPEN	0.5	NONE	[127]		
CALUNG	CALUNG		DANG	1	OPEN	0.25	NONE	[127]		
CALUNG	CALUNG		DANG	1	ABBREVIATED	1.0	NONE	[127]		
CALUNG	CALUNG		DANG	1	ABBREVIATED	0.5	NONE	[127]		
CALUNG	CALUNG		DANG	1	ABBREVIATED	0.25	NONE	[127]		
CALUNG	CALUNG		DANG	1	MUTED	1.0	NONE	[127]		
CALUNG	CALUNG		DANG	1	MUTED	0.5	NONE	[127]		
CALUNG	CALUNG		DANG	1	MUTED	0.25	NONE	[127]		
CALUNG	CALUNG		DING	1	TREMOLO	1.0	NONE	[127]		
CALUNG	CALUNG		DING	1	TREMOLO_ACCELERATING	1.0	NONE	[127]		
CALUNG	CALUNG		DONG	1	TREMOLO	1.0	NONE	[127]		
CALUNG	CALUNG		DONG	1	TREMOLO_ACCELERATING	1.0	NONE	[127]		
CALUNG	CALUNG		DENG	1	TREMOLO	1.0	NONE	[127]		
CALUNG	CALUNG		DENG	1	TREMOLO_ACCELERATING	1.0	NONE	[127]		
CALUNG	CALUNG		DUNG	1	TREMOLO	1.0	NONE	[127]		
CALUNG	CALUNG		DUNG	1	TREMOLO_ACCELERATING	1.0	NONE	[127]		
CALUNG	CALUNG		DANG	1	TREMOLO	1.0	NONE	[127]		
CALUNG	CALUNG		DANG	1	TREMOLO_ACCELERATING	1.0	NONE	[127]		
CALUNG	CALUNG		NONE	None	EXTENSION	1.0	NONE	[127]		
CALUNG	CALUNG		NONE	None	EXTENSION	0.5	NONE	[127]		
CALUNG	CALUNG		NONE	None	EXTENSION	0.25	NONE	[127]		
CALUNG	CALUNG		NONE	None	SILENCE	1.0	NONE	[127]		
CALUNG	CALUNG		NONE	None	SILENCE	0.5	NONE	[127]		
CALUNG	CALUNG		NONE	None	SILENCE	0.25	NONE	[127]		
JEGOGAN	JEGOGAN		DING	1	OPEN	1.0	NONE	[127]		
JEGOGAN	JEGOGAN		DING	1	OPEN	0.5	NONE	[127]		
JEGOGAN	JEGOGAN		DING	1	OPEN	0.25	NONE	[127]		
JEGOGAN	JEGOGAN		DING	1	ABBREVIATED	1.0	NONE	[127]		
JEGOGAN	JEGOGAN		DING	1	ABBREVIATED	0.5	NONE	[127]		
JEGOGAN	JEGOGAN		DING	1	ABBREVIATED	0.25	NONE	[127]		
JEGOGAN	JEGOGAN		DING	1	MUTED	1.0	NONE	[127]		
JEGOGAN	JEGOGAN		DING	1	MUTED	0.5	NONE	[127]		
JEGOGAN	JEGOGAN		DING	1	MUTED	0.25	NONE	[127]		
JEGOGAN	JEGOGAN		DONG	1	OPEN	1.0	NONE	[127]		
JEGOGAN	JEGOGAN		DONG	1	OPEN	0.5	NONE	[127]		
JEGOGAN	JEGOGAN		DONG	1	OPEN	0.25	NONE	[127]		
JEGOGAN	JEGOGAN		DONG	1	ABBREVIATED	1.0	NONE	[127]		
JEGOGAN	JEGOGAN		DONG	1	ABBREVIATED	0.5	NONE	[127]		
JEGOGAN	JEGOGAN		DONG	1	ABBREVIATED	0.25	NONE	[127]		
JEGOGAN	JEGOGAN		DONG	1	MUTED	1.0	NONE	[127]		
JEGOGAN	JEGOGAN		DONG	1	MUTED	0.5	NONE	[127]		
JEGOGAN	JEGOGAN		DONG	1	MUTED	0.25	NONE	[127]		
JEGOGAN	JEGOGAN		DENG	1	OPEN	1.0	NONE	[127]		
JEGOGAN	JEGOGAN		DENG	1	OPEN	0.5	NONE	[127]		
JEGOGAN	JEGOGAN		DENG	1	OPEN	0.25	NONE	[127]		
JEGOGAN	JEGOGAN		DENG	1	ABBREVIATED	1.0	NONE	[127]		
JEGOGAN	JEGOGAN		DENG	1	ABBREVIATED	0.5	NONE	[127]		
JEGOGAN	JEGOGAN		DENG	1	ABBREVIATED	0.25	NONE	[127]		
JEGOGAN	JEGOGAN		DENG	1	MUTED	1.0	NONE	[127]		
JEGOGAN	JEGOGAN		DENG	1	MUTED	0.5	NONE	[127]		
JEGOGAN	JEGOGAN		DENG	1	MUTED	0.25	NONE	[127]		
JEGOGAN	JEGOGAN		DUNG	1	OPEN	1.0	NONE	[127]		
JEGOGAN	JEGOGAN		DUNG	1	OPEN	0.5	NONE	[127]		
JEGOGAN	JEGOGAN		DUNG	1	OPEN	0.25	NONE	[127]		
JEGOGAN	JEGOGAN		DUNG	1	ABBREVIATED	1.0	NONE	[127]		
JEGOGAN	JEGOGAN		DUNG	1	ABBREVIATED	0.5	NONE	[127]		
JEGOGAN	JEGOGAN		DUNG	1	ABBREVIATED	0.25	NONE	[127]		
JEGOGAN	JEGOGAN		DUNG	1	MUTED	1.0	NONE	[127]		
JEGOGAN	JEGOGAN		DUNG	1	MUTED	0.5	NONE	[127]		
JEGOGAN	JEGOGAN		DUNG	1	MUTED	0.25	NONE	[127]		
JEGOGAN	JEGOGAN		DANG	1	OPEN	1.0	NONE	[127]		
JEGOGAN	JEGOGAN		DANG	1	OPEN	0.5	NONE	[127]		
JEGOGAN	JEGOGAN		DANG	1	OPEN	0.25	NONE	[127]		
JEGOGAN	JEGOGAN		DANG	1	ABBREVIATED	1.0	NONE	[127]		
JEGOGAN	JEGOGAN		DANG	1	ABBREVIATED	0.5	NONE	[127]		
JEGOGAN	JEGOGAN		DANG	1	ABBREVIATED	0.25	NONE	[127]		
JEGOGAN	JEGOGAN		DANG	1	MUTED	1.0	NONE	[127]		
JEGOGAN	JEGOGAN		DANG	1	MUTED	0.5	NONE	[127]		
JEGOGAN	JEGOGAN		DANG	1	MUTED	0.25	NONE	[127]		
JEGOGAN	JEGOGAN		DING	1	TREMOLO	1.0	NONE	[127]		
JEGOGAN	JEGOGAN		DING	1	TREMOLO_ACCELERATING	1.0	NONE	[127]		
JEGOGAN	JEGOGAN		DONG	1	TREMOLO	1.0	NONE	[127]		
JEGOGAN	JEGOGAN		DONG	1	TREMOLO_ACCELERATING	1.0	NONE	[127]		
JEGOGAN	JEGOGAN		DENG	1	TREMOLO	1.0	NONE	[127]		
JEGOGAN	JEGOGAN		DENG	1	TREMOLO_ACCELERATING	1.0	NONE	[127]		
JEGOGAN	JEGOGAN		DUNG	1	TREMOLO	1.0	NONE	[127]		
JEGOGAN	JEGOGAN		DUNG	1	TREMOLO_ACCELERATING	1.0	NONE	[127]		
JEGOGAN	JEGOGAN		DANG	1	TREMOLO	1.0	NONE	[127]		
JEGOGAN	JEGOGAN		DANG	1	TREMOLO_ACCELERATING	1.0	NONE	[127]		
JEGOGAN	JEGOGAN		NONE	None	EXTENSION	1.0	NONE	[127]		
JEGOGAN	JEGOGAN		NONE	None	EXTENSION	0.5	NONE	[127]		
JEGOGAN	JEGOGAN		NONE	None	EXTENSION	0.25	NONE	[127]		
JEGOGAN	JEGOGAN		NONE	None	SILENCE	1.0	NONE	[127]		
JEGOGAN	JEGOGAN		NONE	None	SILENCE	0.5	NONE	[127]		
JEGOGAN	JEGOGAN		NONE	None	SILENCE	0.25	NONE	[127]		
PENYACAH	PENYACAH		DUNG	0	OPEN	1.0	NONE	[127]		
PENYACAH	PENYACAH		DUNG	0	OPEN	0.5	NONE	[127]		
PENYACAH	PENYACAH		DUNG	0	OPEN	0.25	NONE	[127]		
PENYACAH	PENYACAH		DUNG	0	ABBREVIATED	1.0	NONE	[127]		
PENYACAH	PENYACAH		DUNG	0	ABBREVIATED	0.5	NONE	[127]		
PENYACAH	PENYACAH		DUNG	0	ABBREVIATED	0.25	NONE	[127]		
PENYACAH	PENYACAH		DUNG	0	MUTED	1.0	NONE	[127]		
PENYACAH	PENYACAH		DUNG	0	MUTED	0.5	NONE	[127]		
PENYACAH	PENYACAH		DUNG	0	MUTED	0.25	NONE	[127]		
PENYACAH	PENYACAH		DANG	0	OPEN	1.0	NONE	[127]		
PENYACAH	PENYACAH		DANG	0	OPEN	0.5	NONE	[127]		
PENYACAH	PENYACAH		DANG	0	OPEN	0.25	NONE	[127]		
PENYACAH	PENYACAH		DANG	0	ABBREVIATED	1.0	NONE	[127]		
PENYACAH	PENYACAH		DANG	0	ABBREVIATED	0.5	NONE	[127]		
PENYACAH	PENYACAH		DANG	0	ABBREVIATED	0.25	NONE	[127]		
PENYACAH	PENYACAH		DANG	0	MUTED	1.0	NONE	[127]		
PENYACAH	PENYACAH		DANG	0	MUTED	0.5	NONE	[127]		
PENYACAH	PENYACAH		DANG	0	MUTED	0.25	NONE	[127]		
PENYACAH	PENYACAH		DING	1	OPEN	1.0	NONE	[127]		
PENYACAH	PENYACAH		DING	1	OPEN	0.5	NONE	[127]		
PENYACAH	PENYACAH		DING	1	OPEN	0.25	NONE	[127]		
PENYACAH	PENYACAH		DING	1	ABBREVIATED	1.0	NONE	[127]		
PENYACAH	PENYACAH		DING	1	ABBREVIATED	0.5	NONE	[127]		
PENYACAH	PENYACAH		DING	1	ABBREVIATED	0.25	NONE	[127]		
PENYACAH	PENYACAH		DING	1	MUTED	1.0	NONE	[127]		
PENYACAH	PENYACAH		DING	1	MUTED	0.5	NONE	[127]		
PENYACAH	PENYACAH		DING	1	MUTED	0.25	NONE	[127]		
PENYACAH	PENYACAH		DONG	1	OPEN	1.0	NONE	[127]		
PENYACAH	PENYACAH		DONG	1	OPEN	0.5	NONE	[127]		
PENYACAH	PENYACAH		DONG	1	OPEN	0.25	NONE	[127]		
PENYACAH	PENYACAH		DONG	1	ABBREVIATED	1.0	NONE	[127]		
PENYACAH	PENYACAH		DONG	1	ABBREVIATED	0.5	NONE	[127]		
PENYACAH	PENYACAH		DONG	1	ABBREVIATED	0.25	NONE	[127]		
PENYACAH	PENYACAH		DONG	1	MUTED	1.0	NONE	[127]		
PENYACAH	PENYACAH		DONG	1	MUTED	0.5	NONE	[127]		
PENYACAH	PENYACAH		DONG	1	MUTED	0.25	NONE	[127]		
PENYACAH	PENYACAH		DENG	1	OPEN	1.0	NONE	[127]		
PENYACAH	PENYACAH		DENG	1	OPEN	0.5	NONE	[127]		
PENYACAH	PENYACAH		DENG	1	OPEN	0.25	NONE	[127]		
PENYACAH	PENYACAH		DENG	1	ABBREVIATED	1.0	NONE	[127]		
PENYACAH	PENYACAH		DENG	1	ABBREVIATED	0.5	NONE	[127]		
PENYACAH	PENYACAH		DENG	1	ABBREVIATED	0.25	NONE	[127]		
PENYACAH	PENYACAH		DENG	1	MUTED	1.0	NONE	[127]		
PENYACAH	PENYACAH		DENG	1	MUTED	0.5	NONE	[127]		
PENYACAH	PENYACAH		DENG	1	MUTED	0.25	NONE	[127]		
PENYACAH	PENYACAH		DUNG	1	OPEN	1.0	NONE	[127]		
PENYACAH	PENYACAH		DUNG	1	OPEN	0.5	NONE	[127]		
PENYACAH	PENYACAH		DUNG	1	OPEN	0.25	NONE	[127]		
PENYACAH	PENYACAH		DUNG	1	ABBREVIATED	1.0	NONE	[127]		
PENYACAH	PENYACAH		DUNG	1	ABBREVIATED	0.5	NONE	[127]		
PENYACAH	PENYACAH		DUNG	1	ABBREVIATED	0.25	NONE	[127]		
PENYACAH	PENYACAH		DUNG	1	MUTED	1.0	NONE	[127]		
PENYACAH	PENYACAH		DUNG	1	MUTED	0.5	NONE	[127]		
PENYACAH	PENYACAH		DUNG	1	MUTED	0.25	NONE	[127]		
PENYACAH	PENYACAH		DANG	1	OPEN	1.0	NONE	[127]		
PENYACAH	PENYACAH		DANG	1	OPEN	0.5	NONE	[127]		
PENYACAH	PENYACAH		DANG	1	OPEN	0.25	NONE	[127]		
PENYACAH	PENYACAH		DANG	1	ABBREVIATED	1.0	NONE	[127]		
PENYACAH	PENYACAH		DANG	1	ABBREVIATED	0.5	NONE	[127]		
PENYACAH	PENYACAH		DANG	1	ABBREVIATED	0.25	NONE	[127]		
PENYACAH	PENYACAH		DANG	1	MUTED	1.0	NONE	[127]		
PENYACAH	PENYACAH		DANG	1	MUTED	0.5	NONE	[127]		
PENYACAH	PENYACAH		DANG	1	MUTED	0.25	NONE	[127]		
PENYACAH	PENYACAH		DUNG	0	TREMOLO	1.0	NONE	[127]		
PENYACAH	PENYACAH		DUNG	0	TREMOLO_ACCELERATING	1.0	NONE	[127]		
PENYACAH	PENYACAH		DANG	0	TREMOLO	1.0	NONE	[127]		
PENYACAH	PENYACAH		DANG	0	TREMOLO_ACCELERATING	1.0	NONE	[127]		
PENYACAH	PENYACAH		DING	1	TREMOLO	1.0	NONE	[127]		
PENYACAH	PENYACAH		DING	1	TREMOLO_ACCELERATING	1.0	NONE	[127]		
PENYACAH	PENYACAH		DONG	1	TREMOLO	1.0	NONE	[127]		
PENYACAH	PENYACAH		DONG	1	TREMOLO_ACCELERATING	1.0	NONE	[127]		
PENYACAH	PENYACAH		DENG	1	TREMOLO	1.0	NONE	[127]		
PENYACAH	PENYACAH		DENG	1	TREMOLO_ACCELERATING	1.0	NONE	[127]		
PENYACAH	PENYACAH		DUNG	1	TREMOLO	1.0	NONE	[127]		
PENYACAH	PENYACAH		DUNG	1	TREMOLO_ACCELERATING	1.0	NONE	[127]		
PENYACAH	PENYACAH		DANG	1	TREMOLO	1.0	NONE	[127]		
PENYACAH	PENYACAH		DANG	1	TREMOLO_ACCELERATING	1.0	NONE	[127]		
PENYACAH	PENYACAH		NONE	None	EXTENSION	1.0	NONE	[127]		
PENYACAH	PENYACAH		NONE	None	EXTENSION	0.5	NONE	[127]		
PENYACAH	PENYACAH		NONE	None	EXTENSION	0.25	NONE	[127]		
PENYACAH	PENYACAH		NONE	None	SILENCE	1.0	NONE	[127]		
PENYACAH	PENYACAH		NONE	None	SILENCE	0.5	NONE	[127]		
PENYACAH	PENYACAH		NONE	None	SILENCE	0.25	NONE	[127]		
CENGCENG	CENGCENG		STRIKE	None	OPEN	1.0	NONE	[127]		
CENGCENG	CENGCENG		STRIKE	None	OPEN	0.5	NONE	[127]		
CENGCENG	CENGCENG		STRIKE	None	OPEN	0.25	NONE	[127]		
CENGCENG	CENGCENG		STRIKE	None	ABBREVIATED	1.0	NONE	[127]		
CENGCENG	CENGCENG		STRIKE	None	ABBREVIATED	0.5	NONE	[127]		
CENGCENG	CENGCENG		STRIKE	None	ABBREVIATED	0.25	NONE	[127]		
CENGCENG	CENGCENG		STRIKE	None	MUTED	1.0	NONE	[127]		
CENGCENG	CENGCENG		STRIKE	None	MUTED	0.5	NONE	[127]		
CENGCENG	CENGCENG		STRIKE	None	MUTED	0.25	NONE	[127]		
CENGCENG	CENGCENG		STRIKE	None	TREMOLO	1.0	NONE	[127]		
CENGCENG	CENGCENG		STRIKE	None	TREMOLO_ACCELERATING	1.0	NONE	[127]		
CENGCENG	CENGCENG		STRIKE	None	GRACE_NOTE	1.0	NONE	[127]		
CENGCENG	CENGCENG		NONE	None	EXTENSION	1.0	NONE	[127]		
CENGCENG	CENGCENG		NONE	None	EXTENSION	0.5	NONE	[127]		
CENGCENG	CENGCENG		NONE	None	EXTENSION	0.25	NONE	[127]		
CENGCENG	CENGCENG		NONE	None	SILENCE	1.0	NONE	[127]		
CENGCENG	CENGCENG		NONE	None	SILENCE	0.5	NONE	[127]		
CENGCENG	CENGCENG		NONE	None	SILENCE	0.25	NONE	[127]		
KENDANG	KENDANG		KA	None	OPEN	1.0	NONE	[127]		
KENDANG	KENDANG		KA	None	OPEN	0.5	NONE	[127]		
KENDANG	KENDANG		KA	None	OPEN	0.25	NONE	[127]		
KENDANG	KENDANG		KA	None	MUTED	1.0	NONE	[127]		
KENDANG	KENDANG		KA	None	MUTED	0.5	NONE	[127]		
KENDANG	KENDANG		KA	None	MUTED	0.25	NONE	[127]		
KENDANG	KENDANG		PAK	None	OPEN	1.0	NONE	[127]		
KENDANG	KENDANG		PAK	None	OPEN	0.5	NONE	[127]		
KENDANG	KENDANG		PAK	None	OPEN	0.25	NONE	[127]		
KENDANG	KENDANG		PAK	None	MUTED	1.0	NONE	[127]		
KENDANG	KENDANG		PAK	None	MUTED	0.5	NONE	[127]		
KENDANG	KENDANG		PAK	None	MUTED	0.25	NONE	[127]		
KENDANG	KENDANG		DE	None	OPEN	1.0	NONE	[127]		
KENDANG	KENDANG		DE	None	OPEN	0.5	NONE	[127]		
KENDANG	KENDANG		DE	None	OPEN	0.25	NONE	[127]		
KENDANG	KENDANG		DE	None	MUTED	1.0	NONE	[127]		
KENDANG	KENDANG		DE	None	MUTED	0.5	NONE	[127]		
KENDANG	KENDANG		DE	None	MUTED	0.25	NONE	[127]		
KENDANG	KENDANG		TUT	None	OPEN	1.0	NONE	[127]		
KENDANG	KENDANG		TUT	None	OPEN	0.5	NONE	[127]		
KENDANG	KENDANG		TUT	None	OPEN	0.25	NONE	[127]		
KENDANG	KENDANG		TUT	None	MUTED	1.0	NONE	[127]		
KENDANG	KENDANG		TUT	None	MUTED	0.5	NONE	[127]		
KENDANG	KENDANG		TUT	None	MUTED	0.25	NONE	[127]		
KENDANG	KENDANG		CUNG	None	OPEN	1.0	NONE	[127]		
KENDANG	KENDANG		CUNG	None	OPEN	0.5	NONE	[127]		
KENDANG	KENDANG		CUNG	None	OPEN	0.25	NONE	[127]		
KENDANG	KENDANG		CUNG	None	MUTED	1.0	NONE	[127]		
KENDANG	KENDANG		CUNG	None	MUTED	0.5	NONE	[127]		
KENDANG	KENDANG		CUNG	None	MUTED	0.25	NONE	[127]		
KENDANG	KENDANG		KUNG	None	OPEN	1.0	NONE	[127]		
KENDANG	KENDANG		KUNG	None	OPEN	0.5	NONE	[127]		
KENDANG	KENDANG		KUNG	None	OPEN	0.25	NONE	[127]		
KENDANG	KENDANG		KUNG	None	MUTED	1.0	NONE	[127]		
KENDANG	KENDANG		KUNG	None	MUTED	0.5	NONE	[127]		
KENDANG	KENDANG		KUNG	None	MUTED	0.25	NONE	[127]		
KENDANG	KENDANG		KA	None	TREMOLO	1.0	NONE	[127]		
KENDANG	KENDANG		KA	None	TREMOLO_ACCELERATING	1.0	NONE	[127]		
KENDANG	KENDANG		KA	None	GRACE_NOTE	1.0	NONE	[127]		
KENDANG	KENDANG		PAK	None	TREMOLO	1.0	NONE	[127]		
KENDANG	KENDANG		PAK	None	TREMOLO_ACCELERATING	1.0	NONE	[127]		
KENDANG	KENDANG		PAK	None	GRACE_NOTE	1.0	NONE	[127]		
KENDANG	KENDANG		DE	None	TREMOLO	1.0	NONE	[127]		
KENDANG	KENDANG		DE	None	TREMOLO_ACCELERATING	1.0	NONE	[127]		
KENDANG	KENDANG		DE	None	GRACE_NOTE	1.0	NONE	[127]		
KENDANG	KENDANG		TUT	None	TREMOLO	1.0	NONE	[127]		
KENDANG	KENDANG		TUT	None	TREMOLO_ACCELERATING	1.0	NONE	[127]		
KENDANG	KENDANG		TUT	None	GRACE_NOTE	1.0	NONE	[127]		
KENDANG	KENDANG		CUNG	None	TREMOLO	1.0	NONE	[127]		
KENDANG	KENDANG		CUNG	None	TREMOLO_ACCELERATING	1.0	NONE	[127]		
KENDANG	KENDANG		CUNG	None	GRACE_NOTE	1.0	NONE	[127]		
KENDANG	KENDANG		KUNG	None	TREMOLO	1.0	NONE	[127]		
KENDANG	KENDANG		KUNG	None	TREMOLO_ACCELERATING	1.0	NONE	[127]		
KENDANG	KENDANG		KUNG	None	GRACE_NOTE	1.0	NONE	[127]		
KENDANG	KENDANG		NONE	None	EXTENSION	1.0	NONE	[127]		
KENDANG	KENDANG		NONE	None	EXTENSION	0.5	NONE	[127]		
KENDANG	KENDANG		NONE	None	EXTENSION	0.25	NONE	[127]		
KENDANG	KENDANG		NONE	None	SILENCE	1.0	NONE	[127]		
KENDANG	KENDANG		NONE	None	SILENCE	0.5	NONE	[127]		
KENDANG	KENDANG		NONE	None	SILENCE	0.25	NONE	[127]		
KEMPLI	KEMPLI		STRIKE	None	OPEN	1.0	NONE	[127]		
KEMPLI	KEMPLI		STRIKE	None	OPEN	0.5	NONE	[127]		
KEMPLI	KEMPLI		STRIKE	None	OPEN	0.25	NONE	[127]		
KEMPLI	KEMPLI		STRIKE	None	ABBREVIATED	1.0	NONE	[127]		
KEMPLI	KEMPLI		STRIKE	None	ABBREVIATED	0.5	NONE	[127]		
KEMPLI	KEMPLI		STRIKE	None	ABBREVIATED	0.25	NONE	[127]		
KEMPLI	KEMPLI		STRIKE	None	MUTED	1.0	NONE	[127]		
KEMPLI	KEMPLI		STRIKE	None	MUTED	0.5	NONE	[127]		
KEMPLI	KEMPLI		STRIKE	None	MUTED	0.25	NONE	[127]		
KEMPLI	KEMPLI		STRIKE	None	TREMOLO	1.0	NONE	[127]		
KEMPLI	KEMPLI		STRIKE	None	TREMOLO_ACCELERATING	1.0	NONE	[127]		
KEMPLI	KEMPLI		NONE	None	EXTENSION	1.0	NONE	[127]		
KEMPLI	KEMPLI		NONE	None	EXTENSION	0.5	NONE	[127]		
KEMPLI	KEMPLI		NONE	None	EXTENSION	0.25	NONE	[127]		
KEMPLI	KEMPLI		NONE	None	SILENCE	1.0	NONE	[127]		
KEMPLI	KEMPLI		NONE	None	SILENCE	0.5	NONE	[127]		
KEMPLI	KEMPLI		NONE	None	SILENCE	0.25	NONE	[127]		
GONGS	GONGS		GIR	None	OPEN	1.0	NONE	[127]		
GONGS	GONGS		GIR	None	OPEN	0.5	NONE	[127]		
GONGS	GONGS		GIR	None	OPEN	0.25	NONE	[127]		
GONGS	GONGS		PUR	None	OPEN	1.0	NONE	[127]		
GONGS	GONGS		PUR	None	OPEN	0.5	NONE	[127]		
GONGS	GONGS		PUR	None	OPEN	0.25	NONE	[127]		
GONGS	GONGS		TONG	None	OPEN	1.0	NONE	[127]		
GONGS	GONGS		TONG	None	OPEN	0.5	NONE	[127]		
GONGS	GONGS		TONG	None	OPEN	0.25	NONE	[127]		
GONGS	GONGS		NONE	None	EXTENSION	1.0	NONE	[127]		
GONGS	GONGS		NONE	None	EXTENSION	0.5	NONE	[127]		
GONGS	GONGS		NONE	None	EXTENSION	0.25	NONE	[127]		
GONGS	GONGS		NONE	None	SILENCE	1.0	NONE	[127]		
GONGS	GONGS		NONE	None	SILENCE	0.5	NONE	[127]		
GONGS	GONGS		NONE	None	SILENCE	0.25	NONE	[127]		
